id;course_id;hole_number;par;distance_yards;distance_meters;handicap_index;description;created_at;updated_at;tee_latitude;tee_longitude;pin_latitude;pin_longitude;hole_coordinates;hazards;green_front_distance;green_middle_distance;green_back_distance;notes;sub_course_id;pin_front_latitude;pin_front_longitude;pin_back_latitude;pin_back_longitude
423c0d2e-a5fd-47d7-a367-84d275f3c894;d9b03e8e-4e93-4269-ae07-197c239e5bc7;1;4;400;;;;2025-11-02 05:48:42.002101+00;2025-11-02 05:48:42.002101+00;;;;;;[];;;;;;;;;
36a78db4-7d91-49e2-8126-6c7d1d3202f9;d9b03e8e-4e93-4269-ae07-197c239e5bc7;2;4;400;;;;2025-11-02 05:48:42.002101+00;2025-11-02 05:48:42.002101+00;;;;;;[];;;;;;;;;
ade54755-324e-48da-8638-2ba75dab868f;d9b03e8e-4e93-4269-ae07-197c239e5bc7;3;4;400;;;;2025-11-02 05:48:42.002101+00;2025-11-02 05:48:42.002101+00;;;;;;[];;;;;;;;;
2eaa84f7-421c-4bad-8671-501bf591d303;d9b03e8e-4e93-4269-ae07-197c239e5bc7;4;4;400;;;;2025-11-02 05:48:42.002101+00;2025-11-02 05:48:42.002101+00;;;;;;[];;;;;;;;;
76eccfbd-2f76-4744-8f79-acc82691951e;d9b03e8e-4e93-4269-ae07-197c239e5bc7;5;4;400;;;;2025-11-02 05:48:42.002101+00;2025-11-02 05:48:42.002101+00;;;;;;[];;;;;;;;;
22dd9273-3ce1-485f-8a60-cf3dcaf358d9;d9b03e8e-4e93-4269-ae07-197c239e5bc7;6;4;400;;;;2025-11-02 05:48:42.002101+00;2025-11-02 05:48:42.002101+00;;;;;;[];;;;;;;;;
a269f5f5-50d5-4d5b-80ae-14783f27c8a6;d9b03e8e-4e93-4269-ae07-197c239e5bc7;7;4;400;;;;2025-11-02 05:48:42.002101+00;2025-11-02 05:48:42.002101+00;;;;;;[];;;;;;;;;
b6569f58-32a8-4c6f-a4df-6763d7c8d1df;d9b03e8e-4e93-4269-ae07-197c239e5bc7;8;4;400;;;;2025-11-02 05:48:42.002101+00;2025-11-02 05:48:42.002101+00;;;;;;[];;;;;;;;;
3c062b9e-3175-4733-b628-645cd1817255;d9b03e8e-4e93-4269-ae07-197c239e5bc7;9;4;400;;;;2025-11-02 05:48:42.002101+00;2025-11-02 05:48:42.002101+00;;;;;;[];;;;;;;;;
4ee3fe03-8226-4d63-80be-461937613456;d9b03e8e-4e93-4269-ae07-197c239e5bc7;10;4;400;;;;2025-11-02 05:48:42.002101+00;2025-11-02 05:48:42.002101+00;;;;;;[];;;;;;;;;
0560876d-972b-4aad-964b-454e76bfb3e7;d9b03e8e-4e93-4269-ae07-197c239e5bc7;11;4;400;;;;2025-11-02 05:48:42.002101+00;2025-11-02 05:48:42.002101+00;;;;;;[];;;;;;;;;
257f0c3f-d58c-448f-997c-e6cdecf5bca7;d9b03e8e-4e93-4269-ae07-197c239e5bc7;12;4;400;;;;2025-11-02 05:48:42.002101+00;2025-11-02 05:48:42.002101+00;;;;;;[];;;;;;;;;
40bd9151-54d2-4048-8414-22a3bf41a6f8;d9b03e8e-4e93-4269-ae07-197c239e5bc7;13;4;400;;;;2025-11-02 05:48:42.002101+00;2025-11-02 05:48:42.002101+00;;;;;;[];;;;;;;;;
ba484ece-d6ba-4b64-b17c-ed93b2937c3b;d9b03e8e-4e93-4269-ae07-197c239e5bc7;14;4;400;;;;2025-11-02 05:48:42.002101+00;2025-11-02 05:48:42.002101+00;;;;;;[];;;;;;;;;
3af938e0-a63a-4566-87b6-e174012e8528;d9b03e8e-4e93-4269-ae07-197c239e5bc7;15;4;400;;;;2025-11-02 05:48:42.002101+00;2025-11-02 05:48:42.002101+00;;;;;;[];;;;;;;;;
d4517338-865f-45ca-b940-2a8932a056ec;d9b03e8e-4e93-4269-ae07-197c239e5bc7;16;4;400;;;;2025-11-02 05:48:42.002101+00;2025-11-02 05:48:42.002101+00;;;;;;[];;;;;;;;;
666b0a12-e6f0-40ea-8b1d-c21fe8b31909;d9b03e8e-4e93-4269-ae07-197c239e5bc7;17;4;400;;;;2025-11-02 05:48:42.002101+00;2025-11-02 05:48:42.002101+00;;;;;;[];;;;;;;;;
b4a64fa1-734a-4beb-a6a5-4923a66733b7;d9b03e8e-4e93-4269-ae07-197c239e5bc7;18;4;400;;;;2025-11-02 05:48:42.002101+00;2025-11-02 05:48:42.002101+00;;;;;;[];;;;;;;;;
1a82d005-7936-4c4b-8ed2-41f1269e7cb1;04ba974b-b322-41c3-9b69-38e7c1b336c6;10;4;392;;6;;2025-11-02 06:01:19.855832+00;2025-11-05 02:54:41.55057+00;;;13.97677006199163;100.50152864286389;;[];;;;;2f1b42ab-3d3a-4205-a450-25ffcac7a9cb;;;;
7c2b3e1c-6b6a-4b1e-8e05-ef382b2afbfd;04ba974b-b322-41c3-9b69-38e7c1b336c6;4;3;182;;15;;2025-11-02 06:01:19.855832+00;2025-11-05 02:53:15.918578+00;;;13.975994979653194;100.49842546491254;;[];;;;;bb0485d7-0187-4314-af46-b78eef54f5f3;;;;
811c91bc-c8f4-433d-bc79-36e4ccf32ae5;04ba974b-b322-41c3-9b69-38e7c1b336c6;8;4;522;;7;;2025-11-02 06:01:19.855832+00;2025-11-05 02:54:11.693104+00;;;13.975157533585786;100.49842703219667;;[];;;;;bb0485d7-0187-4314-af46-b78eef54f5f3;;;;
2e76e356-284e-4af8-8884-f4b68b4a8d15;f96cc688-cbcb-4280-96e0-c129e6cc281a;6;4;381;;12;;2025-11-03 04:28:51.758429+00;2025-11-04 07:27:06.109215+00;;;13.980762828594209;100.5459693928899;;[];;;;;1ce89fb7-74e8-4c44-a24d-c9e5b444536a;;;;
f6736831-1d6e-4a7e-888b-3384dbb332df;04ba974b-b322-41c3-9b69-38e7c1b336c6;9;5;479;;1;;2025-11-02 06:01:19.855832+00;2025-11-05 02:54:26.455279+00;;;13.97360299249047;100.50306386994782;;[];;;;;bb0485d7-0187-4314-af46-b78eef54f5f3;;;;
5a474e1f-5bdb-400c-ad64-861efff32e83;04ba974b-b322-41c3-9b69-38e7c1b336c6;12;5;490;;4;;2025-11-02 06:01:19.855832+00;2025-11-05 02:55:05.926809+00;;;13.978495794662123;100.50113460042076;;[];;;;;2f1b42ab-3d3a-4205-a450-25ffcac7a9cb;;;;
5b687839-cfae-416e-a100-eee58495f8b2;04ba974b-b322-41c3-9b69-38e7c1b336c6;6;3;168;;13;;2025-11-02 06:01:19.855832+00;2025-11-05 02:53:45.050736+00;;;13.980406037576387;100.49639752144043;;[];;;;;bb0485d7-0187-4314-af46-b78eef54f5f3;;;;
89ea69a0-d415-489c-828a-425b08feef21;04ba974b-b322-41c3-9b69-38e7c1b336c6;2;4;343;;17;;2025-11-02 06:01:19.855832+00;2025-11-05 02:52:44.220429+00;;;13.971061125714854;100.5009501590834;;[];;;;;bb0485d7-0187-4314-af46-b78eef54f5f3;;;;
ed5adfd5-e3cf-453e-ae2f-28c34b9522df;04ba974b-b322-41c3-9b69-38e7c1b336c6;5;4;383;;9;;2025-11-02 06:01:19.855832+00;2025-11-05 02:53:28.196418+00;;;13.979114455024657;100.49641127799305;;[];;;;;bb0485d7-0187-4314-af46-b78eef54f5f3;;;;
aa138f40-45d4-4993-8cbb-3cf20e52f402;f96cc688-cbcb-4280-96e0-c129e6cc281a;1;4;348;;1;;2025-11-03 04:28:51.758429+00;2025-11-04 07:22:43.283443+00;;;13.983865405674763;100.54349561347038;;[];;;;;1ce89fb7-74e8-4c44-a24d-c9e5b444536a;;;;
55ab32d9-a407-412d-9425-bff715b98efc;04ba974b-b322-41c3-9b69-38e7c1b336c6;13;4;368;;14;;2025-11-02 06:01:19.855832+00;2025-11-05 02:55:16.719561+00;;;13.978437759935318;100.4981573619819;;[];;;;;2f1b42ab-3d3a-4205-a450-25ffcac7a9cb;;;;
a418fc2f-db8b-40bd-9b60-5418e6784ae2;04ba974b-b322-41c3-9b69-38e7c1b336c6;14;3;179;;18;;2025-11-02 06:01:19.855832+00;2025-11-05 02:55:29.946365+00;;;13.976504812116275;100.49867849825966;;[];;;;;2f1b42ab-3d3a-4205-a450-25ffcac7a9cb;;;;
4c612c2e-2130-47da-ba97-894bd5b64c9c;04ba974b-b322-41c3-9b69-38e7c1b336c6;19;4;400;;;;2025-11-02 06:31:30.190032+00;2025-11-02 07:51:16.980165+00;;;;;;[];;;;;;;;;
6c01b878-20da-48b1-a8bb-2542696a139c;04ba974b-b322-41c3-9b69-38e7c1b336c6;20;4;400;;;;2025-11-02 06:31:30.190032+00;2025-11-02 07:51:16.980165+00;;;;;;[];;;;;;;;;
6d401912-6a1b-4ec7-b7d9-7d072be6b2e4;04ba974b-b322-41c3-9b69-38e7c1b336c6;21;4;400;;;;2025-11-02 06:31:30.190032+00;2025-11-02 07:51:16.980165+00;;;;;;[];;;;;;;;;
9e281ce9-3d0f-412a-a493-11b755ae87ae;04ba974b-b322-41c3-9b69-38e7c1b336c6;22;4;400;;;;2025-11-02 06:31:30.190032+00;2025-11-02 07:51:16.980165+00;;;;;;[];;;;;;;;;
f7100b8a-5e90-47cc-a965-bec89a7df1b3;04ba974b-b322-41c3-9b69-38e7c1b336c6;23;4;400;;;;2025-11-02 06:31:30.190032+00;2025-11-02 07:51:16.980165+00;;;;;;[];;;;;;;;;
a2406aa6-6d50-48da-bd86-fe1fa38bb3f1;04ba974b-b322-41c3-9b69-38e7c1b336c6;24;4;400;;;;2025-11-02 06:31:30.190032+00;2025-11-02 07:51:16.980165+00;;;;;;[];;;;;;;;;
e14e2a52-582d-4447-b7f2-9655ccaed364;04ba974b-b322-41c3-9b69-38e7c1b336c6;25;4;400;;;;2025-11-02 06:31:30.190032+00;2025-11-02 07:51:16.980165+00;;;;;;[];;;;;;;;;
10fb79b1-a04a-41db-9a59-fdab0f821204;04ba974b-b322-41c3-9b69-38e7c1b336c6;26;4;400;;;;2025-11-02 06:31:30.190032+00;2025-11-02 07:51:16.980165+00;;;;;;[];;;;;;;;;
4d39dc7a-1043-4859-b206-771828d8cd17;04ba974b-b322-41c3-9b69-38e7c1b336c6;27;4;400;;;;2025-11-02 06:31:30.190032+00;2025-11-02 07:51:16.980165+00;;;;;;[];;;;;;;;;
6d885fe5-1f10-4cb5-b358-00ac93ac14f6;04ba974b-b322-41c3-9b69-38e7c1b336c6;7;4;364;;5;;2025-11-02 06:01:19.855832+00;2025-11-05 02:53:58.55477+00;;;13.978541234210525;100.49533404077283;;[];;;;;bb0485d7-0187-4314-af46-b78eef54f5f3;;;;
4581de6b-1ea4-4d9f-88ca-e39fe5b6cdb8;f96cc688-cbcb-4280-96e0-c129e6cc281a;3;5;507;;16;;2025-11-03 04:28:51.758429+00;2025-11-04 07:24:57.68864+00;;;13.982273967130766;100.54581771620468;;[];;;;;1ce89fb7-74e8-4c44-a24d-c9e5b444536a;;;;
8445df42-0e12-4429-a859-878ca7b06ce7;04ba974b-b322-41c3-9b69-38e7c1b336c6;15;4;381;;10;;2025-11-02 06:01:19.855832+00;2025-11-05 02:55:40.239969+00;;;13.974523758103658;100.50198134492695;;[];;;;;2f1b42ab-3d3a-4205-a450-25ffcac7a9cb;;;;
93282666-d1c7-42a7-8606-0b43d1c27e74;04ba974b-b322-41c3-9b69-38e7c1b336c6;11;4;288;;16;;2025-11-02 06:01:19.855832+00;2025-11-05 02:54:54.436203+00;;;13.975648750905705;100.50386804919395;;[];;;;;2f1b42ab-3d3a-4205-a450-25ffcac7a9cb;;;;
efde9d2d-f7ff-479b-b1d6-35756cc9d74e;04ba974b-b322-41c3-9b69-38e7c1b336c6;16;4;413;;2;;2025-11-02 06:01:19.855832+00;2025-11-05 02:55:51.0784+00;;;13.977041833277383;100.49907056354334;;[];;;;;2f1b42ab-3d3a-4205-a450-25ffcac7a9cb;;;;
e71b706f-5a1a-456b-955f-e5b260628240;04ba974b-b322-41c3-9b69-38e7c1b336c6;17;3;182;;12;;2025-11-02 06:01:19.855832+00;2025-11-05 02:56:04.512704+00;;;13.977161660134001;100.50100351486219;;[];;;;;2f1b42ab-3d3a-4205-a450-25ffcac7a9cb;;;;
f99ec81a-241d-4bfe-8594-3062f121ddb1;04ba974b-b322-41c3-9b69-38e7c1b336c6;18;5;531;;8;;2025-11-02 06:01:19.855832+00;2025-11-05 02:56:18.373125+00;;;13.97400257391368;100.50355748892349;;[];;;;;2f1b42ab-3d3a-4205-a450-25ffcac7a9cb;;;;
b08aff83-0091-49c5-b49d-226953b2371b;f96cc688-cbcb-4280-96e0-c129e6cc281a;4;4;418;;2;;2025-11-03 04:28:51.758429+00;2025-11-04 07:25:41.988174+00;;;13.981202848272716;100.54913608155329;;[];;;;;1ce89fb7-74e8-4c44-a24d-c9e5b444536a;;;;
80e39797-cab2-4f0e-9fc2-18517979c469;04ba974b-b322-41c3-9b69-38e7c1b336c6;3;5;498;;3;;2025-11-02 06:01:19.855832+00;2025-11-05 02:52:59.664287+00;;;13.974464294629442;100.49901889367044;;[];;;;;bb0485d7-0187-4314-af46-b78eef54f5f3;;;;
d85252ea-de77-4dc8-9b49-88365cdc37b0;f96cc688-cbcb-4280-96e0-c129e6cc281a;5;3;140;;8;;2025-11-03 04:28:51.758429+00;2025-11-04 07:26:44.309216+00;;;13.980019858555167;100.54930132236586;;[];;;;;1ce89fb7-74e8-4c44-a24d-c9e5b444536a;;;;
aeab1749-abcf-48bf-b477-50812517e551;f96cc688-cbcb-4280-96e0-c129e6cc281a;7;4;356;;18;;2025-11-03 04:28:51.758429+00;2025-11-04 07:27:32.168592+00;;;13.980492924642661;100.54862233851668;;[];;;;;1ce89fb7-74e8-4c44-a24d-c9e5b444536a;;;;
0f6b8f81-1fc3-4d99-ad74-3c4f1247e6d3;f96cc688-cbcb-4280-96e0-c129e6cc281a;2;3;189;;10;;2025-11-03 04:28:51.758429+00;2025-11-04 07:23:51.868744+00;;;13.983393303317783;100.54216373633818;;[];;;;;1ce89fb7-74e8-4c44-a24d-c9e5b444536a;;;;
9b9fe5a9-64ce-422c-bcb0-f268ba8dd766;f96cc688-cbcb-4280-96e0-c129e6cc281a;9;5;500;;6;;2025-11-03 04:28:51.758429+00;2025-11-04 07:28:26.148874+00;;;13.982705631884983;100.54129091123093;;[];;;;;1ce89fb7-74e8-4c44-a24d-c9e5b444536a;;;;
43123c8d-e40d-4e73-aaad-f748bb157687;04ba974b-b322-41c3-9b69-38e7c1b336c6;1;4;472;;11;;2025-11-02 06:01:19.855832+00;2025-11-05 02:52:28.427842+00;;;13.97349753585479;100.5004049483963;;[];;;;;bb0485d7-0187-4314-af46-b78eef54f5f3;;;;
05e3caa3-32bd-49fb-922e-69393151a408;f96cc688-cbcb-4280-96e0-c129e6cc281a;10;4;297;;13;;2025-11-03 04:28:58.771366+00;2025-11-05 02:29:48.902331+00;;;13.98447777815646;100.53926399544508;;[];;;;;e3f3ba05-79b7-4c42-a093-1e9897b8db3d;;;;
492378af-ac60-4a5c-a9aa-0843eb4e3185;f96cc688-cbcb-4280-96e0-c129e6cc281a;11;3;173;;7;;2025-11-03 04:28:58.771366+00;2025-11-05 02:31:33.994994+00;;;13.982623327164276;100.53948705673804;;[];;;;;e3f3ba05-79b7-4c42-a093-1e9897b8db3d;;;;
56cde30c-6932-49d1-8f2a-5b3bb6097654;f96cc688-cbcb-4280-96e0-c129e6cc281a;12;4;376;;9;;2025-11-03 04:28:58.771366+00;2025-11-05 02:33:24.471111+00;;;13.98519857150869;100.5382691060193;;[];;;;;e3f3ba05-79b7-4c42-a093-1e9897b8db3d;;;;
ab5e8108-c1c0-4996-a7a7-f38a55e98a51;f96cc688-cbcb-4280-96e0-c129e6cc281a;14;3;172;;11;;2025-11-03 04:28:58.771366+00;2025-11-05 02:36:55.354193+00;;;13.98285725286702;100.53726281462355;;[];;;;;e3f3ba05-79b7-4c42-a093-1e9897b8db3d;;;;
7423e6e6-99d0-4ce6-b7f5-82e9908e5347;f96cc688-cbcb-4280-96e0-c129e6cc281a;15;4;293;;15;;2025-11-03 04:28:58.771366+00;2025-11-05 02:38:49.300718+00;;;13.984890786062707;100.53600578850154;;[];;;;;e3f3ba05-79b7-4c42-a093-1e9897b8db3d;;;;
b16a7d1c-f054-483c-b4e3-4cbcbd83c3d5;f96cc688-cbcb-4280-96e0-c129e6cc281a;16;4;391;;3;;2025-11-03 04:28:58.771366+00;2025-11-05 02:41:28.739175+00;;;13.986652034775346;100.53823406912738;;[];;;;;e3f3ba05-79b7-4c42-a093-1e9897b8db3d;;;;
429fc400-a428-445f-9097-831252998177;f96cc688-cbcb-4280-96e0-c129e6cc281a;17;5;411;;17;;2025-11-03 04:28:58.771366+00;2025-11-05 02:42:53.856828+00;;;13.984993224872255;100.54141072512124;;[];;;;;e3f3ba05-79b7-4c42-a093-1e9897b8db3d;;;;
9d1d5316-cd26-4122-8019-d1af6c7bd215;42c21a9b-e95b-414d-99db-bda69b8e02e4;1;4;400;;;;2025-11-03 08:05:00.768496+00;2025-11-03 08:05:00.768496+00;;;;;;[];;;;;3c042ffc-1334-457a-a518-b84f7a380188;;;;
33caca87-de73-4a61-9377-45c68bcc812d;42c21a9b-e95b-414d-99db-bda69b8e02e4;2;4;400;;;;2025-11-03 08:05:00.768496+00;2025-11-03 08:05:00.768496+00;;;;;;[];;;;;3c042ffc-1334-457a-a518-b84f7a380188;;;;
fc2a44cb-7de3-4134-aa1e-6b8ebb90d326;42c21a9b-e95b-414d-99db-bda69b8e02e4;3;4;400;;;;2025-11-03 08:05:00.768496+00;2025-11-03 08:05:00.768496+00;;;;;;[];;;;;3c042ffc-1334-457a-a518-b84f7a380188;;;;
6b12575a-ce71-49b9-8cdf-105d1472a5f5;42c21a9b-e95b-414d-99db-bda69b8e02e4;4;4;400;;;;2025-11-03 08:05:00.768496+00;2025-11-03 08:05:00.768496+00;;;;;;[];;;;;3c042ffc-1334-457a-a518-b84f7a380188;;;;
57662d58-d5a3-437a-86c3-5f02e9bf5998;42c21a9b-e95b-414d-99db-bda69b8e02e4;5;4;400;;;;2025-11-03 08:05:00.768496+00;2025-11-03 08:05:00.768496+00;;;;;;[];;;;;3c042ffc-1334-457a-a518-b84f7a380188;;;;
98e634b9-dcfa-4332-b280-c0b69ffdff6c;42c21a9b-e95b-414d-99db-bda69b8e02e4;6;4;400;;;;2025-11-03 08:05:00.768496+00;2025-11-03 08:05:00.768496+00;;;;;;[];;;;;3c042ffc-1334-457a-a518-b84f7a380188;;;;
ec82626f-ecde-4ded-a4da-a120989ce6d1;42c21a9b-e95b-414d-99db-bda69b8e02e4;7;4;400;;;;2025-11-03 08:05:00.768496+00;2025-11-03 08:05:00.768496+00;;;;;;[];;;;;3c042ffc-1334-457a-a518-b84f7a380188;;;;
12ea2b16-af6b-4d7b-9843-36489b0b0103;42c21a9b-e95b-414d-99db-bda69b8e02e4;8;4;400;;;;2025-11-03 08:05:00.768496+00;2025-11-03 08:05:00.768496+00;;;;;;[];;;;;3c042ffc-1334-457a-a518-b84f7a380188;;;;
c6792f66-7bab-4490-94ce-0bfc82c62b37;42c21a9b-e95b-414d-99db-bda69b8e02e4;9;4;400;;;;2025-11-03 08:05:00.768496+00;2025-11-03 08:05:00.768496+00;;;;;;[];;;;;3c042ffc-1334-457a-a518-b84f7a380188;;;;
966fe56c-0a11-4d38-92e4-ec2a6a258126;8ce67550-7f09-40c1-8f64-45278c682079;5;4;464;;1;;2025-11-04 06:42:07.0318+00;2025-11-04 08:43:33.857372+00;;;13.832588839406355;100.67999909825124;;[];;;;;049d6aa9-e9cc-4513-89a4-0fa800c5db98;;;;
745fdec6-e508-4d5e-80fa-166d39c10be7;8ce67550-7f09-40c1-8f64-45278c682079;1;4;388;;9;;2025-11-04 06:42:07.0318+00;2025-11-04 07:06:08.377739+00;;;13.82927106153565;100.68381343274223;;[];;;;;049d6aa9-e9cc-4513-89a4-0fa800c5db98;;;;
ad67df2a-7da3-4f96-9531-08e7a94b2d62;8ce67550-7f09-40c1-8f64-45278c682079;17;3;215;;4;;2025-11-04 08:44:20.751677+00;2025-11-05 02:50:59.816421+00;;;13.831967031122815;100.69002879974954;;[];;;;;b7f19c25-0493-44b6-8d1e-dffdfceee5d7;;;;
769ce684-c799-4242-a504-8b0abb0ba53b;8ce67550-7f09-40c1-8f64-45278c682079;10;5;551;;9;;2025-11-04 08:44:20.751677+00;2025-11-04 08:49:30.500966+00;;;13.8331863414611;100.68731609045403;;[];;;;;b7f19c25-0493-44b6-8d1e-dffdfceee5d7;;;;
cc6bfa7b-b141-4d35-8940-ea6ed5cb0951;ea21d8df-323d-4c5c-b169-3d85596138b4;1;5;560;;15;;2025-11-05 03:15:17.4057+00;2025-11-05 03:17:03.387407+00;;;13.97608841278445;100.54075561793763;;[];;;;;e469461d-ea18-4c14-95c2-068d35da0853;;;;
e7863eb8-f24f-46b4-aee8-0e54d6ba43de;8ce67550-7f09-40c1-8f64-45278c682079;2;4;439;;2;;2025-11-04 06:42:07.0318+00;2025-11-04 07:14:11.336195+00;;;13.827335796523414;100.68648225428495;;[];;;;;049d6aa9-e9cc-4513-89a4-0fa800c5db98;;;;
522cafa4-6f6a-43be-8d2b-00ac2849bf33;8ce67550-7f09-40c1-8f64-45278c682079;11;4;424;;8;;2025-11-04 08:44:20.751677+00;2025-11-04 08:55:22.243206+00;;;13.834457563392988;100.68405441373034;;[];;;;;b7f19c25-0493-44b6-8d1e-dffdfceee5d7;;;;
9fc88378-2740-42cc-8ebb-d1e86636ff67;f96cc688-cbcb-4280-96e0-c129e6cc281a;8;4;393;;4;;2025-11-03 04:28:51.758429+00;2025-11-04 07:27:57.869191+00;;;13.981696864202831;100.54552683511264;;[];;;;;1ce89fb7-74e8-4c44-a24d-c9e5b444536a;;;;
09007109-76a5-4f4a-93f1-0a620ce43dea;8ce67550-7f09-40c1-8f64-45278c682079;3;3;176;;8;;2025-11-04 06:42:07.0318+00;2025-11-04 07:30:13.638753+00;;;13.826292931449203;100.68519463348434;;[];;;;;049d6aa9-e9cc-4513-89a4-0fa800c5db98;;;;
c28e9c65-088a-43bb-8426-5f39d428ed24;8ce67550-7f09-40c1-8f64-45278c682079;12;4;447;;1;;2025-11-04 08:44:20.751677+00;2025-11-05 02:11:01.538156+00;;;13.831717129952807;100.6865981199648;;[];;;;;b7f19c25-0493-44b6-8d1e-dffdfceee5d7;;;;
7d5ce1e2-53e5-4ba1-8939-6ca3b55fccb9;8ce67550-7f09-40c1-8f64-45278c682079;4;5;572;;7;;2025-11-04 06:42:07.0318+00;2025-11-04 07:37:19.159534+00;;;13.829440447506599;100.68298156905581;;[];;;;;049d6aa9-e9cc-4513-89a4-0fa800c5db98;;;;
b9f2ca0e-9dec-4f82-ada5-0b91089713a9;8ce67550-7f09-40c1-8f64-45278c682079;6;4;388;;6;;2025-11-04 06:42:07.0318+00;2025-11-04 08:03:42.294804+00;;;13.833992503090286;100.68191794246769;;[];;;;;049d6aa9-e9cc-4513-89a4-0fa800c5db98;;;;
4741aad7-69dd-41ef-aadc-832784fba7ca;8ce67550-7f09-40c1-8f64-45278c682079;13;3;164;;7;;2025-11-04 08:44:20.751677+00;2025-11-05 02:15:49.723616+00;;;13.831611432752752;100.68554235502023;;[];;;;;b7f19c25-0493-44b6-8d1e-dffdfceee5d7;;;;
158f4f8d-a27c-483e-b831-83f07918bf9b;8ce67550-7f09-40c1-8f64-45278c682079;8;3;226;;3;;2025-11-04 06:42:07.0318+00;2025-11-04 08:38:13.802159+00;;;13.831356585437263;100.68391333726748;;[];;;;;049d6aa9-e9cc-4513-89a4-0fa800c5db98;;;;
a7912c35-3507-4801-9a5c-2cccbe11f7f4;8ce67550-7f09-40c1-8f64-45278c682079;7;5;543;;5;;2025-11-04 06:42:07.0318+00;2025-11-04 08:38:32.623375+00;;;13.829886539167333;100.68399045235827;;[];;;;;049d6aa9-e9cc-4513-89a4-0fa800c5db98;;;;
62f0ef62-8338-4f65-a63c-8651596922f4;8ce67550-7f09-40c1-8f64-45278c682079;14;4;431;;3;;2025-11-04 08:44:20.751677+00;2025-11-05 02:19:26.032428+00;;;13.834384313360758;100.68288705892621;;[];;;;;b7f19c25-0493-44b6-8d1e-dffdfceee5d7;;;;
c213cb19-2adc-40a7-bf4d-2505f256e95a;8ce67550-7f09-40c1-8f64-45278c682079;9;4;412;;4;;2025-11-04 06:42:07.0318+00;2025-11-04 08:42:34.277263+00;;;13.828822058059814;100.68677231864461;;[];;;;;049d6aa9-e9cc-4513-89a4-0fa800c5db98;;;;
6aa8c04d-ed02-4916-8775-022848fce129;f96cc688-cbcb-4280-96e0-c129e6cc281a;13;5;506;;1;;2025-11-03 04:28:58.771366+00;2025-11-05 02:35:22.086024+00;;;13.982101970413623;100.53673084632231;;[];;;;;e3f3ba05-79b7-4c42-a093-1e9897b8db3d;;;;
b4897844-1513-4015-bf2b-a511de64829a;8ce67550-7f09-40c1-8f64-45278c682079;15;5;584;;5;;2025-11-04 08:44:20.751677+00;2025-11-05 02:41:47.668304+00;;;13.834086618689142;100.68736945920529;;[];;;;;b7f19c25-0493-44b6-8d1e-dffdfceee5d7;;;;
d833bf8f-8c09-4a3e-8eaf-564552276102;ea21d8df-323d-4c5c-b169-3d85596138b4;4;4;413;;7;;2025-11-05 03:15:17.4057+00;2025-11-05 03:22:30.801676+00;;;13.974412237063504;100.5419420850364;;[];;;;;e469461d-ea18-4c14-95c2-068d35da0853;;;;
752df862-3175-45c6-8de4-e8d53f1b22b6;f96cc688-cbcb-4280-96e0-c129e6cc281a;18;4;345;;5;;2025-11-03 04:28:58.771366+00;2025-11-05 02:44:17.522734+00;;;13.982904958937809;100.54045867610353;;[];;;;;e3f3ba05-79b7-4c42-a093-1e9897b8db3d;;;;
e3f710ba-bec3-4ed2-a36f-66c340355d3e;8ce67550-7f09-40c1-8f64-45278c682079;16;4;403;;6;;2025-11-04 08:44:20.751677+00;2025-11-05 02:47:18.667025+00;;;13.83112721986646;100.68816701967182;;[];;;;;b7f19c25-0493-44b6-8d1e-dffdfceee5d7;;;;
f86a7c88-c486-4812-a422-ef9d72585264;f7ad3852-3d4a-43da-ab9f-959ad91177d3;1;4;411;;6;;2025-11-05 03:02:59.395338+00;2025-11-05 03:07:08.165382+00;;;13.87371073499537;100.70308195385957;;[];;;;;a0b3636c-4b14-48f2-89de-77cdac6ae168;;;;
eaca418f-c61e-451f-8220-380cae76f89e;ea21d8df-323d-4c5c-b169-3d85596138b4;2;4;338;;17;;2025-11-05 03:15:17.4057+00;2025-11-05 03:18:44.952215+00;;;13.973737047924729;100.5405806841544;;[];;;;;e469461d-ea18-4c14-95c2-068d35da0853;;;;
f7bc9b4c-3a3f-419c-9cba-5dbb53e6a9ec;ea21d8df-323d-4c5c-b169-3d85596138b4;6;5;598;;1;;2025-11-05 03:15:17.4057+00;2025-11-05 03:25:59.630873+00;;;13.976865169460027;100.53808661164004;;[];;;;;e469461d-ea18-4c14-95c2-068d35da0853;;;;
b5060a9c-861b-4d26-9efe-61de4827bde2;ea21d8df-323d-4c5c-b169-3d85596138b4;5;3;199;;13;;2025-11-05 03:15:17.4057+00;2025-11-05 03:24:26.288123+00;;;13.973256689919836;100.54078500046757;;[];;;;;e469461d-ea18-4c14-95c2-068d35da0853;;;;
7a7d78a4-cfcf-45f0-9a6c-bdceb3556977;ea21d8df-323d-4c5c-b169-3d85596138b4;3;4;447;;3;;2025-11-05 03:15:17.4057+00;2025-11-05 03:20:41.766203+00;;;13.977394867798907;100.5428746169199;;[];;;;;e469461d-ea18-4c14-95c2-068d35da0853;;;;
d73afc93-c34e-4ad9-b63a-e8b14749ff0a;f7ad3852-3d4a-43da-ab9f-959ad91177d3;2;5;444;;12;;2025-11-05 03:02:59.395338+00;2025-11-05 03:29:47.221618+00;;;13.872977609718973;100.70782594475043;;[];;;;;a0b3636c-4b14-48f2-89de-77cdac6ae168;;;;
b070a52a-2ac2-4a4f-8700-3d42665a2375;ea21d8df-323d-4c5c-b169-3d85596138b4;9;4;435;;5;;2025-11-05 03:15:17.4057+00;2025-11-05 03:32:15.533954+00;;;13.979917792780213;100.53915690456705;;[];;;;;e469461d-ea18-4c14-95c2-068d35da0853;;;;
eb63e5dc-401e-48e6-97f1-411e85d2a560;ea21d8df-323d-4c5c-b169-3d85596138b4;8;3;201;;11;;2025-11-05 03:15:17.4057+00;2025-11-05 03:30:00.628132+00;;;13.980499062080384;100.53600472021947;;[];;;;;e469461d-ea18-4c14-95c2-068d35da0853;;;;
e75e2fa6-cf01-4f0a-a586-c3889cd65daf;ea21d8df-323d-4c5c-b169-3d85596138b4;7;4;362;;9;;2025-11-05 03:15:17.4057+00;2025-11-05 03:27:49.966543+00;;;13.979766292333437;100.53775071074318;;[];;;;;e469461d-ea18-4c14-95c2-068d35da0853;;;;
1c8e3e17-cb31-4bb6-b967-374c5a7611e3;f7ad3852-3d4a-43da-ab9f-959ad91177d3;4;4;378;;14;;2025-11-05 03:02:59.395338+00;2025-11-05 03:55:52.030484+00;;;13.870964293629413;100.70576615241146;;[];;;;;a0b3636c-4b14-48f2-89de-77cdac6ae168;;;;
71307f5e-48cf-4686-a0d1-9269ced94aba;ea21d8df-323d-4c5c-b169-3d85596138b4;12;4;292;;14;;2025-11-05 03:45:37.945942+00;2025-11-05 03:52:04.31813+00;;;13.97284889849847;100.53976637190965;;[];;;;;38941001-6793-4a76-9d11-efb08c1031eb;;;;
a9e039ec-6fd3-4eca-859b-fd00781b6e01;ea21d8df-323d-4c5c-b169-3d85596138b4;10;4;443;;;;2025-11-05 03:45:37.945942+00;2025-11-05 03:47:57.707994+00;;;13.976658477903243;100.53919061726896;;[];;;;;38941001-6793-4a76-9d11-efb08c1031eb;;;;
8807bb13-5df2-4931-9996-2f8974551bb1;f7ad3852-3d4a-43da-ab9f-959ad91177d3;3;4;382;;4;;2025-11-05 03:02:59.395338+00;2025-11-05 03:52:01.230179+00;;;13.873559482152686;100.70469415752802;;[];;;;;a0b3636c-4b14-48f2-89de-77cdac6ae168;;;;
8c4b3388-2875-4297-a11e-23899d433557;8ce67550-7f09-40c1-8f64-45278c682079;18;4;423;;2;;2025-11-04 08:44:20.751677+00;2025-11-05 04:48:02.323557+00;;;13.82898309488995;100.68848719208893;;[];;;;;b7f19c25-0493-44b6-8d1e-dffdfceee5d7;;;;
eb7ddc66-7894-4196-b481-d0084ad56b2f;ea21d8df-323d-4c5c-b169-3d85596138b4;13;5;460;;10;;2025-11-05 03:45:37.945942+00;2025-11-05 03:54:02.634633+00;;;13.968458055306385;100.54116764497655;;[];;;;;38941001-6793-4a76-9d11-efb08c1031eb;;;;
a9895598-4918-4fa4-92af-47fd044e069b;ea21d8df-323d-4c5c-b169-3d85596138b4;14;4;324;;12;;2025-11-05 03:45:37.945942+00;2025-11-05 03:55:27.791745+00;;;13.968872398997306;100.54349080888875;;[];;;;;38941001-6793-4a76-9d11-efb08c1031eb;;;;
3a89b6ba-adb6-4321-b6f3-1d53e7faabf5;ea21d8df-323d-4c5c-b169-3d85596138b4;15;3;229;;8;;2025-11-05 03:45:37.945942+00;2025-11-05 03:57:03.174047+00;;;13.969036142745082;100.54192454472962;;[];;;;;38941001-6793-4a76-9d11-efb08c1031eb;;;;
214edb6e-9605-41d5-859a-78653f17f3a1;ea21d8df-323d-4c5c-b169-3d85596138b4;16;4;428;;2;;2025-11-05 03:45:37.945942+00;2025-11-05 03:59:33.74524+00;;;13.972248395055715;100.54085483242915;;[];;;;;38941001-6793-4a76-9d11-efb08c1031eb;;;;
adec5fa9-5434-49af-81e5-c1455835770b;ea21d8df-323d-4c5c-b169-3d85596138b4;17;4;289;;16;;2025-11-05 03:45:37.945942+00;2025-11-05 04:01:23.773964+00;;;13.975107466615995;100.53971951340299;;[];;;;;38941001-6793-4a76-9d11-efb08c1031eb;;;;
4cc709b4-5345-437f-b825-9311f018ea60;ea21d8df-323d-4c5c-b169-3d85596138b4;18;5;531;;4;;2025-11-05 03:45:37.945942+00;2025-11-05 04:03:02.637449+00;;;13.979913245604976;100.54014772240544;;[];;;;;38941001-6793-4a76-9d11-efb08c1031eb;;;;
3bdf6f52-b574-4503-856d-eb1395211537;f7ad3852-3d4a-43da-ab9f-959ad91177d3;7;3;206;;16;;2025-11-05 03:02:59.395338+00;2025-11-05 04:18:12.349666+00;;;13.876093932940336;100.70388895571278;;[];;;;;a0b3636c-4b14-48f2-89de-77cdac6ae168;;;;
d8fb5179-5287-4925-b130-e8f9af701a53;f7ad3852-3d4a-43da-ab9f-959ad91177d3;8;4;412;;10;;2025-11-05 03:02:59.395338+00;2025-11-05 04:20:24.338071+00;;;13.874885210950936;100.70782506069088;;[];;;;;a0b3636c-4b14-48f2-89de-77cdac6ae168;;;;
99898787-736b-4229-b622-15dcba7bdd82;f7ad3852-3d4a-43da-ab9f-959ad91177d3;9;4;379;;2;;2025-11-05 03:02:59.395338+00;2025-11-05 04:33:10.688578+00;;;13.876778912395991;100.70438181374146;;[];;;;;a0b3636c-4b14-48f2-89de-77cdac6ae168;;;;
7b92b5b8-c5a2-4e98-b3ae-55702751b374;ea21d8df-323d-4c5c-b169-3d85596138b4;11;3;160;;18;;2025-11-05 03:45:37.945942+00;2025-11-05 03:50:08.06292+00;;;13.97525894376038;100.53927131809695;;[];;;;;38941001-6793-4a76-9d11-efb08c1031eb;;;;
7f9acdf6-0b4c-43fd-b7db-84ae7df364d2;f7ad3852-3d4a-43da-ab9f-959ad91177d3;5;3;129;;18;;2025-11-05 03:02:59.395338+00;2025-11-05 04:00:18.717461+00;;;13.869517268347991;100.70555964315145;;[];;;;;a0b3636c-4b14-48f2-89de-77cdac6ae168;;;;
552b0e75-7aba-4dd0-a142-4d7b83dae3bb;f7ad3852-3d4a-43da-ab9f-959ad91177d3;6;5;398;;8;;2025-11-05 03:02:59.395338+00;2025-11-05 04:15:23.045939+00;;;13.873139782200397;100.70297058117677;;[];;;;;a0b3636c-4b14-48f2-89de-77cdac6ae168;;;;
dd56f662-3915-42e9-947a-7a8a49b31db2;f7ad3852-3d4a-43da-ab9f-959ad91177d3;11;4;400;;;;2025-11-05 04:33:36.635377+00;2025-11-05 04:33:36.635377+00;;;;;;[];;;;;ce4855c3-b20a-4488-9d99-18fffcd4aec0;;;;
19ad900b-7d0c-4883-81bb-664fc0f477ac;f7ad3852-3d4a-43da-ab9f-959ad91177d3;12;4;400;;;;2025-11-05 04:33:36.635377+00;2025-11-05 04:33:36.635377+00;;;;;;[];;;;;ce4855c3-b20a-4488-9d99-18fffcd4aec0;;;;
ec690cee-5c86-4614-8480-3a2ef24c9f53;f7ad3852-3d4a-43da-ab9f-959ad91177d3;13;4;400;;;;2025-11-05 04:33:36.635377+00;2025-11-05 04:33:36.635377+00;;;;;;[];;;;;ce4855c3-b20a-4488-9d99-18fffcd4aec0;;;;
c05eb1e3-2ce9-4890-a4cc-92c46cca6462;f7ad3852-3d4a-43da-ab9f-959ad91177d3;14;4;400;;;;2025-11-05 04:33:36.635377+00;2025-11-05 04:33:36.635377+00;;;;;;[];;;;;ce4855c3-b20a-4488-9d99-18fffcd4aec0;;;;
ce19e751-1385-4ff4-9503-cfbbf21d533e;f7ad3852-3d4a-43da-ab9f-959ad91177d3;15;4;400;;;;2025-11-05 04:33:36.635377+00;2025-11-05 04:33:36.635377+00;;;;;;[];;;;;ce4855c3-b20a-4488-9d99-18fffcd4aec0;;;;
6924d648-7608-45dd-8e39-b9ac02f5033c;f7ad3852-3d4a-43da-ab9f-959ad91177d3;16;4;400;;;;2025-11-05 04:33:36.635377+00;2025-11-05 04:33:36.635377+00;;;;;;[];;;;;ce4855c3-b20a-4488-9d99-18fffcd4aec0;;;;
e90ecfe8-328a-43f2-b4f5-738e59ed4ae0;f7ad3852-3d4a-43da-ab9f-959ad91177d3;17;4;400;;;;2025-11-05 04:33:36.635377+00;2025-11-05 04:33:36.635377+00;;;;;;[];;;;;ce4855c3-b20a-4488-9d99-18fffcd4aec0;;;;
6fd5cc44-93d7-4222-8847-bd5fc1a8495b;f7ad3852-3d4a-43da-ab9f-959ad91177d3;18;4;400;;;;2025-11-05 04:33:36.635377+00;2025-11-05 04:33:36.635377+00;;;;;;[];;;;;ce4855c3-b20a-4488-9d99-18fffcd4aec0;;;;
6b918267-e8aa-4b31-b2f1-32b5b2da7822;8ce67550-7f09-40c1-8f64-45278c682079;27;4;397;;4;;2025-11-05 04:48:21.392551+00;2025-11-05 05:20:18.732597+00;;;13.828455412030465;100.68867786078948;;[];;;;;97b9d3d8-8c05-4235-b8b0-3e8b565af461;;;;
6b5cfed1-885a-4e37-808b-a86963bcb242;f7ad3852-3d4a-43da-ab9f-959ad91177d3;10;4;372;;3;;2025-11-05 04:33:36.635377+00;2025-11-05 04:36:10.009844+00;;;13.873774013202691;100.7009244410346;;[];;;;;ce4855c3-b20a-4488-9d99-18fffcd4aec0;;;;
8bcf3149-a740-4903-b930-ccf4ae4cbf2d;8ce67550-7f09-40c1-8f64-45278c682079;19;4;386;;9;;2025-11-05 04:48:21.392551+00;2025-11-05 04:53:07.653011+00;;;13.824721935891986;100.68851771712934;;[];;;;;97b9d3d8-8c05-4235-b8b0-3e8b565af461;;;;
8f7aed5b-ea62-41b9-a67d-9ab7d73b2d2d;8ce67550-7f09-40c1-8f64-45278c682079;20;3;175;;8;;2025-11-05 04:48:21.392551+00;2025-11-05 04:56:34.010535+00;;;13.823966138973105;100.68933799098755;;[];;;;;97b9d3d8-8c05-4235-b8b0-3e8b565af461;;;;
8041fe01-f010-4024-958a-4e3138e63feb;8ce67550-7f09-40c1-8f64-45278c682079;21;5;567;;7;;2025-11-05 04:48:21.392551+00;2025-11-05 05:01:26.854122+00;;;13.825189223954595;100.69397038962279;;[];;;;;97b9d3d8-8c05-4235-b8b0-3e8b565af461;;;;
78b0f94e-4ea5-4670-8f48-9808d32a9929;119c4231-9001-46d6-baf3-e333b59742d5;7;4;454;;5;;2025-11-05 05:30:18.298202+00;2025-11-05 06:10:48.559653+00;;;13.746106462948589;100.65719616585125;;[];;;;;7f9c34a0-f652-4ddc-bba1-58d762959028;;;;
f8a05b88-c255-4d07-8490-8d4b003f57b7;8ce67550-7f09-40c1-8f64-45278c682079;22;4;446;;1;;2025-11-05 04:48:21.392551+00;2025-11-05 05:04:12.757581+00;;;13.824516685988115;100.69038906653833;;[];;;;;97b9d3d8-8c05-4235-b8b0-3e8b565af461;;;;
7a844300-39f8-43aa-bc7f-6a36f4cd59e2;119c4231-9001-46d6-baf3-e333b59742d5;14;3;238;;1;;2025-11-05 06:18:21.754286+00;2025-11-05 06:43:54.763875+00;;;13.745404496399331;100.65893038855631;;[];;;;;912cdc05-1d2c-430f-94ed-3b72f1c67dba;;;;
f644e633-2e3d-4692-b72e-1dad6aac1c61;119c4231-9001-46d6-baf3-e333b59742d5;1;4;377;;15;;2025-11-05 05:30:18.298202+00;2025-11-05 05:41:39.954018+00;;;13.746424324923382;100.66087851928171;;[];;;;;7f9c34a0-f652-4ddc-bba1-58d762959028;;;;
b4f8edf8-fcb3-4917-ae9a-4b31be422dac;8ce67550-7f09-40c1-8f64-45278c682079;23;4;427;;2;;2025-11-05 04:48:21.392551+00;2025-11-05 05:08:02.533468+00;;;13.827231806768907;100.68824487682912;;[];;;;;97b9d3d8-8c05-4235-b8b0-3e8b565af461;;;;
7b6a6ff6-1d7f-45d3-9c25-799934c2d213;119c4231-9001-46d6-baf3-e333b59742d5;18;4;416;;4;;2025-11-05 06:18:21.754286+00;2025-11-05 06:57:11.872015+00;;;13.743749998651793;100.66238074903595;;[];;;;;912cdc05-1d2c-430f-94ed-3b72f1c67dba;;;;
927ed49f-481a-4e55-9d86-2c3c0e424f45;119c4231-9001-46d6-baf3-e333b59742d5;8;3;185;;9;;2025-11-05 05:30:18.298202+00;2025-11-05 06:14:05.955363+00;;;13.746167973387614;100.65935003114714;;[];;;;;7f9c34a0-f652-4ddc-bba1-58d762959028;;;;
74d7685f-2411-4c65-8d44-9be253ea869c;119c4231-9001-46d6-baf3-e333b59742d5;2;5;549;;11;;2025-11-05 05:30:18.298202+00;2025-11-05 05:51:34.867032+00;;;13.746889626116811;100.65585684144787;;[];;;;;7f9c34a0-f652-4ddc-bba1-58d762959028;;;;
04ae17d8-32c0-4879-be2a-01dcc48dc37e;8ce67550-7f09-40c1-8f64-45278c682079;24;3;249;;3;;2025-11-05 04:48:21.392551+00;2025-11-05 05:10:58.025931+00;;;13.825158482761324;100.68974521540565;;[];;;;;97b9d3d8-8c05-4235-b8b0-3e8b565af461;;;;
0c8c5bac-4d9b-461c-b999-cf30ae95c8f6;119c4231-9001-46d6-baf3-e333b59742d5;15;5;503;;10;;2025-11-05 06:18:21.754286+00;2025-11-05 06:49:08.124804+00;;;13.742301756464386;100.66105986071062;;[];;;;;912cdc05-1d2c-430f-94ed-3b72f1c67dba;;;;
94d56b4f-33c9-49fe-9ae1-3b82ddc26249;119c4231-9001-46d6-baf3-e333b59742d5;3;4;360;;5;;2025-11-05 05:30:18.298202+00;2025-11-05 05:55:45.739129+00;;;13.744750044082863;100.65493419353692;;[];;;;;7f9c34a0-f652-4ddc-bba1-58d762959028;;;;
a9cf289d-c188-45a7-8198-fb9eff4140f9;8ce67550-7f09-40c1-8f64-45278c682079;25;4;354;;6;;2025-11-05 04:48:21.392551+00;2025-11-05 05:13:52.036346+00;;;13.826926703546832;100.69262895074934;;[];;;;;97b9d3d8-8c05-4235-b8b0-3e8b565af461;;;;
be882299-3150-4c75-8ae2-9d9f81ba98e8;119c4231-9001-46d6-baf3-e333b59742d5;9;4;403;;7;;2025-11-05 05:30:18.298202+00;2025-11-05 06:18:08.410132+00;;;13.744357788690323;100.66260084649929;;[];;;;;7f9c34a0-f652-4ddc-bba1-58d762959028;;;;
255ac1e3-2835-42d7-b450-ac71ab024a2e;8ce67550-7f09-40c1-8f64-45278c682079;26;5;500;;5;;2025-11-05 04:48:21.392551+00;2025-11-05 05:16:31.11007+00;;;13.829897698490711;100.69139463357317;;[];;;;;97b9d3d8-8c05-4235-b8b0-3e8b565af461;;;;
b4e327fe-79c5-406f-998a-e09987b8130f;119c4231-9001-46d6-baf3-e333b59742d5;4;3;152;;18;;2025-11-05 05:30:18.298202+00;2025-11-05 05:59:34.164013+00;;;13.743330908623165;100.65468678661261;;[];;;;;7f9c34a0-f652-4ddc-bba1-58d762959028;;;;
62c9fd55-420d-46f4-ba1a-b6ada118f111;119c4231-9001-46d6-baf3-e333b59742d5;5;4;436;;2;;2025-11-05 05:30:18.298202+00;2025-11-05 06:02:29.609242+00;;;13.746225284533125;100.6561174074373;;[];;;;;7f9c34a0-f652-4ddc-bba1-58d762959028;;;;
85f7132e-d422-46bd-b0e2-0466f7dd59c5;119c4231-9001-46d6-baf3-e333b59742d5;6;5;480;;13;;2025-11-05 05:30:18.298202+00;2025-11-05 06:06:22.55933+00;;;13.742610673988551;100.65579094031034;;[];;;;;7f9c34a0-f652-4ddc-bba1-58d762959028;;;;
d30d6fa2-29e1-4aa1-ad14-9d26daf92a3d;119c4231-9001-46d6-baf3-e333b59742d5;12;4;400;;3;;2025-11-05 06:18:21.754286+00;2025-11-05 06:32:23.71906+00;;;13.745880667602094;100.65781171671352;;[];;;;;912cdc05-1d2c-430f-94ed-3b72f1c67dba;;;;
6fdec84e-fc57-4a13-825e-8cae5214dfc6;119c4231-9001-46d6-baf3-e333b59742d5;16;3;163;;14;;2025-11-05 06:18:21.754286+00;2025-11-05 06:51:26.877475+00;;;13.743407959446202;100.66194469395634;;[];;;;;912cdc05-1d2c-430f-94ed-3b72f1c67dba;;;;
6dbb2442-0251-4edb-9af1-e02814b346a1;119c4231-9001-46d6-baf3-e333b59742d5;10;4;340;;16;;2025-11-05 06:18:21.754286+00;2025-11-05 06:23:30.630332+00;;;13.74171876218513;100.66179837374887;;[];;;;;912cdc05-1d2c-430f-94ed-3b72f1c67dba;;;;
2eede8fe-2049-4203-8e3b-078b9662c9f2;119c4231-9001-46d6-baf3-e333b59742d5;13;3;238;;1;;2025-11-05 06:18:21.754286+00;2025-11-05 06:38:05.070461+00;;;13.743012050265861;100.65855054586234;;[];;;;;912cdc05-1d2c-430f-94ed-3b72f1c67dba;;;;
c030da37-0dba-4a62-9658-a7f62396c7a1;119c4231-9001-46d6-baf3-e333b59742d5;11;5;530;;17;;2025-11-05 06:18:21.754286+00;2025-11-05 06:26:58.830449+00;;;13.742875911497492;100.65715702552643;;[];;;;;912cdc05-1d2c-430f-94ed-3b72f1c67dba;;;;
bebf3094-6c4f-4053-b51e-69b5fefa29b1;119c4231-9001-46d6-baf3-e333b59742d5;17;4;377;;6;;2025-11-05 06:18:21.754286+00;2025-11-05 06:54:30.311401+00;;;13.745832313677298;100.65957920388377;;[];;;;;912cdc05-1d2c-430f-94ed-3b72f1c67dba;;;;