id;hole_id;tee_type;latitude;longitude;distance_to_pin;elevation;created_at;updated_at
4ae5c6ce-640b-44ca-9a7f-8e2a5aa96fd4;1a82d005-7936-4c4b-8ed2-41f1269e7cb1;yellow;13.975104805281788;100.50365177447304;322;;2025-11-02 11:23:54.726939+00;2025-11-02 11:23:54.726939+00
7cd5ed0b-d8d6-4218-9718-08ac3856a54a;93282666-d1c7-42a7-8606-0b43d1c27e74;blue;13.977164418659058;100.50198778751712;288;;2025-11-02 11:27:23.514615+00;2025-11-02 11:27:23.514615+00
00e04f4c-f130-49db-8688-d17be3b81fc4;93282666-d1c7-42a7-8606-0b43d1c27e74;white;13.977066156911775;100.50211272990254;269;;2025-11-02 11:27:41.995196+00;2025-11-02 11:27:41.995196+00
53216f3a-d434-4ed3-b61b-4a09309395fe;93282666-d1c7-42a7-8606-0b43d1c27e74;yellow;13.976963894002893;100.50233030427034;242;;2025-11-02 11:27:55.429503+00;2025-11-02 11:27:55.429503+00
4f3d72af-0b46-4471-ae4e-048a5a89cafb;93282666-d1c7-42a7-8606-0b43d1c27e74;red;13.976883153907423;100.50255967185672;215;;2025-11-02 11:28:17.261165+00;2025-11-02 11:28:17.261165+00
9d6a7566-38b7-42d1-a1e9-32d87325e26b;5a474e1f-5bdb-400c-ad64-861efff32e83;blue;13.976149525378617;100.50451148657243;490;;2025-11-02 11:32:49.047119+00;2025-11-02 11:32:49.047119+00
f68e8573-c1ef-4ccf-b759-00ea458dd26a;5a474e1f-5bdb-400c-ad64-861efff32e83;white;13.976401009614477;100.5042999492083;452;;2025-11-02 11:34:54.33674+00;2025-11-02 11:34:54.33674+00
47d4658c-fd1b-450e-b145-08a0de390f02;5a474e1f-5bdb-400c-ad64-861efff32e83;yellow;13.976568503789721;100.50412057174287;423;;2025-11-02 11:35:06.028023+00;2025-11-02 11:35:06.028023+00
e26d308f-e125-4bd0-92fa-5693c91d2664;5a474e1f-5bdb-400c-ad64-861efff32e83;red;13.976801269246678;100.50403565290304;400;;2025-11-02 11:35:16.624544+00;2025-11-02 11:35:16.624544+00
f016e38b-246e-4210-8d3c-6d8f63e02810;55ab32d9-a407-412d-9425-bff715b98efc;blue;13.977673918524914;100.50117683875857;368;;2025-11-02 11:45:46.607776+00;2025-11-02 11:45:46.607776+00
cc6a2c7a-1ae6-4219-bd90-ac2d87c23d3f;43123c8d-e40d-4e73-aaad-f748bb157687;red;13.972802680613569;100.50284791850896;391;;2025-11-02 06:25:45.320455+00;2025-11-02 06:25:45.320455+00
b90b86aa-b9f9-44c5-96f0-8733365f1760;43123c8d-e40d-4e73-aaad-f748bb157687;blue;13.973034299427368;100.50359906293;472;;2025-11-02 06:25:53.175713+00;2025-11-02 06:25:53.175713+00
1cb65bc2-8dfa-4cda-a196-e65eba856c31;43123c8d-e40d-4e73-aaad-f748bb157687;white;13.972986613220513;100.50335336148379;444;;2025-11-02 06:25:59.556804+00;2025-11-02 06:25:59.556804+00
e3924707-1f0c-4cfe-bd61-ffd550f3e2a6;43123c8d-e40d-4e73-aaad-f748bb157687;yellow;13.972945739319911;100.50310766003764;417;;2025-11-02 06:26:04.21404+00;2025-11-02 06:26:04.21404+00
0af22361-2047-42ce-9d49-2670441ca77f;89ea69a0-d415-489c-828a-425b08feef21;blue;13.973618063128214;100.49966649410652;346;;2025-11-02 06:38:29.293765+00;2025-11-02 06:38:29.293765+00
3801bb7f-1e5f-4eb7-92ce-b2d12739be4b;89ea69a0-d415-489c-828a-425b08feef21;white;13.973461722940328;100.4998276019034;321;;2025-11-02 06:38:40.944584+00;2025-11-02 06:38:40.944584+00
e63e8fb8-3f72-4709-98aa-6cc18ea34cdc;89ea69a0-d415-489c-828a-425b08feef21;yellow;13.973231376770343;100.4999545882045;289;;2025-11-02 06:41:45.54174+00;2025-11-02 06:41:45.54174+00
b8145dec-74c3-4c61-95d2-826575afa296;89ea69a0-d415-489c-828a-425b08feef21;red;13.973064448047722;100.50012154776022;263;;2025-11-02 06:41:50.112916+00;2025-11-02 06:41:50.112916+00
daabe7e1-a49d-4a5a-8cfb-d4007056504d;80e39797-cab2-4f0e-9fc2-18517979c469;blue;13.970679853556234;100.50062095135752;498;;2025-11-02 06:49:43.435728+00;2025-11-02 06:49:43.435728+00
9b656e82-0537-4c3a-a895-ee50a96a81e1;80e39797-cab2-4f0e-9fc2-18517979c469;white;13.970850373802108;100.50052230071537;474;;2025-11-02 06:50:05.285612+00;2025-11-02 06:50:05.285612+00
7734c89a-928d-41a8-b317-81d8206632be;80e39797-cab2-4f0e-9fc2-18517979c469;yellow;13.970980187872541;100.50042891324938;455;;2025-11-02 06:50:14.791002+00;2025-11-02 06:50:14.791002+00
618cd735-bb75-406c-9dcd-c64d9d7cda2c;80e39797-cab2-4f0e-9fc2-18517979c469;red;13.971141843026771;100.50033804976755;433;;2025-11-02 06:50:29.247826+00;2025-11-02 06:50:29.247826+00
a39c2a49-3836-4471-848f-37c62c934d2a;7c2b3e1c-6b6a-4b1e-8e05-ef382b2afbfd;blue;13.97491929702774;100.49949644121307;182;;2025-11-02 07:45:55.222087+00;2025-11-02 07:45:55.222087+00
be01fec0-63fc-4264-a520-3078458060a0;7c2b3e1c-6b6a-4b1e-8e05-ef382b2afbfd;red;13.975316472399243;100.49927133219688;130;;2025-11-02 07:46:15.842548+00;2025-11-02 07:46:36.861089+00
637c5567-c7f9-4e74-b50d-11a9ae5a39e1;7c2b3e1c-6b6a-4b1e-8e05-ef382b2afbfd;yellow;13.975088096399261;100.4992986182308;151;;2025-11-02 07:46:09.602833+00;2025-11-02 07:46:42.11547+00
1bc73c4d-59e1-4ab7-9f2e-706881cba69a;7c2b3e1c-6b6a-4b1e-8e05-ef382b2afbfd;white;13.975021900414546;100.49937706557978;163;;2025-11-02 07:46:01.998982+00;2025-11-02 07:46:49.214934+00
6a6b676f-1d37-457f-a38b-642c1a9900ba;ed5adfd5-e3cf-453e-ae2f-28c34b9522df;blue;13.976329404733875;100.4979246183363;383;;2025-11-02 07:50:37.611353+00;2025-11-02 07:50:37.611353+00
ed5efe89-2055-4e78-b396-a7395c2c1617;ed5adfd5-e3cf-453e-ae2f-28c34b9522df;white;13.976597183748794;100.49791848614723;354;;2025-11-02 07:50:42.558383+00;2025-11-02 07:50:42.558383+00
a8333fe1-9c4f-4dbe-8c10-7b7999f3e6e6;ed5adfd5-e3cf-453e-ae2f-28c34b9522df;yellow;13.976847110547567;100.49783263551546;323;;2025-11-02 07:50:46.868068+00;2025-11-02 07:50:46.868068+00
faf546db-3564-4c3c-b509-cf1373393792;ed5adfd5-e3cf-453e-ae2f-28c34b9522df;red;13.97713274084316;100.49774678488154;288;;2025-11-02 07:50:51.086058+00;2025-11-02 07:50:51.086058+00
cd82d9b4-efbb-4c2f-b608-7a4962f78fa9;5b687839-cfae-416e-a100-eee58495f8b2;red;13.979611538980336;100.49628485102852;98;;2025-11-02 07:54:38.382876+00;2025-11-02 07:54:38.382876+00
cfa913f2-c021-4779-b6a9-18f39b79832e;5b687839-cfae-416e-a100-eee58495f8b2;yellow;13.979516782136855;100.49612711030863;113;;2025-11-02 07:54:32.703411+00;2025-11-02 07:54:43.858571+00
b27ea5be-631b-4892-b798-6324833c9acd;6d885fe5-1f10-4cb5-b358-00ac93ac14f6;blue;13.981370719109691;100.49633774683053;364;;2025-11-02 08:00:40.427002+00;2025-11-02 08:00:40.427002+00
1fdbb12e-a07a-4661-8290-8437a1b86a31;6d885fe5-1f10-4cb5-b358-00ac93ac14f6;white;13.981185829662039;100.49611659121211;335;;2025-11-02 08:00:46.439746+00;2025-11-02 08:00:46.439746+00
cd5f45fc-9ed0-4a00-bee7-df7915e5f53e;6d885fe5-1f10-4cb5-b358-00ac93ac14f6;yellow;13.98100424166762;100.49588522841077;306;;2025-11-02 08:00:51.322666+00;2025-11-02 08:00:51.322666+00
76a2dbdd-1e00-49be-9ae4-84cf9bc3df12;6d885fe5-1f10-4cb5-b358-00ac93ac14f6;red;13.980872177581759;100.49563004884999;286;;2025-11-02 08:00:54.784533+00;2025-11-02 08:00:54.784533+00
16763e7a-607c-4df1-a56e-dc0f2ba775d4;811c91bc-c8f4-433d-bc79-36e4ccf32ae5;blue;13.978697370754006;100.49592783398975;522;;2025-11-02 11:08:17.002012+00;2025-11-02 11:08:17.002012+00
9853901a-c0a9-4cb0-ad72-7e402542ae0e;811c91bc-c8f4-433d-bc79-36e4ccf32ae5;white;13.978509480313676;100.49608103928148;493;;2025-11-02 11:08:33.663163+00;2025-11-02 11:08:33.663163+00
7ac457dd-ea7a-4665-8aae-c2ad84e1132d;811c91bc-c8f4-433d-bc79-36e4ccf32ae5;yellow;13.978401869882475;100.49616678831188;476;;2025-11-02 11:08:45.385251+00;2025-11-02 11:08:45.385251+00
72490210-0493-40e5-9164-2093ca61a42b;811c91bc-c8f4-433d-bc79-36e4ccf32ae5;red;13.977871013480879;100.49646424991914;403;;2025-11-02 11:09:05.311669+00;2025-11-02 11:09:05.311669+00
04803f90-9ce5-4acb-9646-45c8f4e52412;f6736831-1d6e-4a7e-888b-3384dbb332df;blue;13.975088824662691;100.49930284490483;479;;2025-11-02 11:13:32.437426+00;2025-11-02 11:13:32.437426+00
df1d1bd9-a511-4750-aa81-45bff10d9cda;f6736831-1d6e-4a7e-888b-3384dbb332df;white;13.974943295701564;100.49947636220128;454;;2025-11-02 11:13:39.382753+00;2025-11-02 11:13:39.382753+00
c37897f8-b068-4ce0-ba91-87894369868a;f6736831-1d6e-4a7e-888b-3384dbb332df;yellow;13.974629981599932;100.49972551779621;413;;2025-11-02 11:13:46.146673+00;2025-11-02 11:13:46.146673+00
3933d57e-1097-4e51-ad74-a47b2f5f064c;f6736831-1d6e-4a7e-888b-3384dbb332df;red;13.974432290052107;100.49989302688095;388;;2025-11-02 11:13:54.040476+00;2025-11-02 11:13:54.040476+00
0e0bb3b6-32d8-4f1e-bdf1-5bd1b1fa1241;1a82d005-7936-4c4b-8ed2-41f1269e7cb1;blue;13.974812251832503;100.50416899323909;392;;2025-11-02 11:23:23.079895+00;2025-11-02 11:23:23.079895+00
45ae4dbc-f3a0-4392-a3b3-cb2cb3610dd3;1a82d005-7936-4c4b-8ed2-41f1269e7cb1;white;13.974955020641005;100.50390929682959;357;;2025-11-02 11:23:37.315065+00;2025-11-02 11:23:37.315065+00
4d18cbe9-4a14-426b-adbe-e64d912ef472;1a82d005-7936-4c4b-8ed2-41f1269e7cb1;red;13.975410544223664;100.5032163705115;259;;2025-11-02 11:23:41.986611+00;2025-11-02 11:23:51.230126+00
324ba17a-abe2-4a2f-9b3f-96bc3260b06f;55ab32d9-a407-412d-9425-bff715b98efc;white;13.977794335178018;100.50098761780492;343;;2025-11-02 11:46:02.895699+00;2025-11-02 11:46:02.895699+00
1f735854-4b48-44e1-8144-46672ef98d76;55ab32d9-a407-412d-9425-bff715b98efc;yellow;13.977695336733504;100.50079907504579;325;;2025-11-02 11:46:22.739974+00;2025-11-02 11:46:22.739974+00
cf689601-ed7e-43e8-8898-4389e829d70c;55ab32d9-a407-412d-9425-bff715b98efc;red;13.977623581066439;100.50041068325095;284;;2025-11-02 11:46:39.427306+00;2025-11-02 11:46:39.427306+00
0d98be1b-5db2-47fc-8f4b-1594c2f67a59;a418fc2f-db8b-40bd-9b60-5418e6784ae2;blue;13.97785935904274;100.49808760386617;179;;2025-11-02 12:01:30.249671+00;2025-11-02 12:01:30.249671+00
dc2b7a3f-677e-402d-8be4-73023ce9147a;a418fc2f-db8b-40bd-9b60-5418e6784ae2;white;13.97764030080819;100.49816558153356;151;;2025-11-02 12:01:36.319544+00;2025-11-02 12:01:36.319544+00
0312cc9a-46c2-4b68-90db-bd47e58b9233;a418fc2f-db8b-40bd-9b60-5418e6784ae2;yellow;13.977435344501856;100.49820899205446;126;;2025-11-02 12:01:41.4645+00;2025-11-02 12:01:41.4645+00
79b7f8df-e7b1-4fc1-9546-9e14d4585c52;a418fc2f-db8b-40bd-9b60-5418e6784ae2;red;13.977398966178399;100.498256206181;120;;2025-11-02 12:01:50.650459+00;2025-11-02 12:01:50.650459+00
39eb18f7-c15b-4169-84be-353b33714a24;8445df42-0e12-4429-a859-878ca7b06ce7;blue;13.97617378452209;100.49923636615671;381;;2025-11-02 12:26:43.002483+00;2025-11-02 12:26:43.002483+00
0fbf23a6-4beb-4122-960a-bca50d9d3dc7;8445df42-0e12-4429-a859-878ca7b06ce7;white;13.975989896623105;100.49937845470401;355;;2025-11-02 12:26:51.227391+00;2025-11-02 12:26:51.227391+00
26190f9d-f704-4e23-a228-275b053eb989;8445df42-0e12-4429-a859-878ca7b06ce7;yellow;13.975834358384702;100.49951302376809;332;;2025-11-02 12:27:02.062672+00;2025-11-02 12:27:02.062672+00
9c559060-10ee-40ce-a3ab-071df9b2e9ff;8445df42-0e12-4429-a859-878ca7b06ce7;red;13.975771427506416;100.49957791043073;322;;2025-11-02 12:27:08.880119+00;2025-11-02 12:27:08.880119+00
82941c3f-9da2-4ae3-92fa-7c59f3398564;efde9d2d-f7ff-479b-b1d6-35756cc9d74e;red;13.975539307087814;100.50126547015611;317;;2025-11-02 12:28:40.344703+00;2025-11-02 12:28:40.344703+00
4a2b65b0-9b99-42eb-8a43-c96ff9f8a2a4;efde9d2d-f7ff-479b-b1d6-35756cc9d74e;yellow;13.975419270109043;100.5015053010647;349;;2025-11-02 12:28:49.409818+00;2025-11-02 12:28:49.409818+00
b5a33e25-7e7d-4181-9285-ecd493e367dc;efde9d2d-f7ff-479b-b1d6-35756cc9d74e;white;13.975209823556227;100.50175120215556;387;;2025-11-02 12:28:57.318225+00;2025-11-02 12:28:57.318225+00
29f3e201-c8f7-4639-89e2-3f0cb6ed1831;efde9d2d-f7ff-479b-b1d6-35756cc9d74e;blue;13.975026914513123;100.50188392923906;413;;2025-11-02 12:29:09.00737+00;2025-11-02 12:29:09.00737+00
e6a4d500-fe12-4e15-8caf-aa772921a026;e71b706f-5a1a-456b-955f-e5b260628240;blue;13.977375784826222;100.49947387557916;182;;2025-11-02 12:32:48.751408+00;2025-11-02 12:32:48.751408+00
78ed7d7b-3f8a-432b-8169-ad22b2466d96;5b687839-cfae-416e-a100-eee58495f8b2;white;13.97936295112936;100.4959821605683;136;;2025-11-02 07:54:27.477855+00;2025-11-03 06:39:58.844846+00
d2e2b6da-e5cc-4687-9f91-729d7ac8e3a8;e71b706f-5a1a-456b-955f-e5b260628240;white;13.97731290798204;100.49969241677337;156;;2025-11-02 12:32:53.994746+00;2025-11-02 12:32:53.994746+00
9fad71bc-2ee5-4c2a-a979-b534facf6101;e71b706f-5a1a-456b-955f-e5b260628240;yellow;13.977133404431498;100.49976835511217;146;;2025-11-02 12:33:01.985125+00;2025-11-02 12:33:01.985125+00
5d16b504-3cd6-4af9-84bc-13ccc52960b8;e71b706f-5a1a-456b-955f-e5b260628240;red;13.977112626062137;100.4999255838714;127;;2025-11-02 12:33:06.145854+00;2025-11-02 12:33:10.495582+00
fb4cc42d-60d2-4d08-9d45-358b45916a6c;f99ec81a-241d-4bfe-8594-3062f121ddb1;blue;13.976913272639479;100.50020007554934;531;;2025-11-02 12:34:17.834083+00;2025-11-02 12:34:17.834083+00
80b3b39f-a08a-406d-8dbb-524842239a64;f99ec81a-241d-4bfe-8594-3062f121ddb1;white;13.976750226629605;100.5003156951908;508;;2025-11-02 12:34:55.697085+00;2025-11-02 12:34:55.697085+00
66ce9634-3255-4b94-8080-115bb1282e4d;f99ec81a-241d-4bfe-8594-3062f121ddb1;yellow;13.976673839083489;100.50046809417717;488;;2025-11-02 12:35:11.544856+00;2025-11-02 12:35:11.544856+00
a6fa7b80-4c7c-4a87-a39e-6fd5a77b2279;f99ec81a-241d-4bfe-8594-3062f121ddb1;red;13.976652160428088;100.500572613754;477;;2025-11-02 12:35:23.842413+00;2025-11-02 12:35:23.842413+00
d6f068cd-b4fe-4508-9653-e80e830ac295;aa138f40-45d4-4993-8cbb-3cf20e52f402;blue;13.983057766323725;100.54098031220758;313;;2025-11-03 04:31:03.70314+00;2025-11-03 04:31:03.70314+00
dc403b5c-aeff-451d-ab08-c710b80a5452;aa138f40-45d4-4993-8cbb-3cf20e52f402;white;13.983176227900032;100.54121279136439;282;;2025-11-03 04:31:08.89966+00;2025-11-03 04:31:08.89966+00
3dbf35ca-e1ce-4a52-9b12-0dfd3b4a8e4b;aa138f40-45d4-4993-8cbb-3cf20e52f402;yellow;13.983287857092648;100.54133185852515;265;;2025-11-03 04:31:14.037742+00;2025-11-03 04:31:14.037742+00
1c7bed0a-9064-47bb-8442-f449bee7b0f6;aa138f40-45d4-4993-8cbb-3cf20e52f402;red;13.983333729850926;100.54145080257268;250;;2025-11-03 04:31:18.467088+00;2025-11-03 04:31:18.467088+00
ff151e58-7689-44c5-a249-6d71eb23baa2;0f6b8f81-1fc3-4d99-ad74-3c4f1247e6d3;white;13.98332011767397;100.54356862480734;166;;2025-11-03 04:33:30.192124+00;2025-11-03 04:33:30.192124+00
6689cf93-b147-46af-b7d2-cf446ded727e;0f6b8f81-1fc3-4d99-ad74-3c4f1247e6d3;yellow;13.983323957124412;100.54343324437048;150;;2025-11-03 04:33:34.485016+00;2025-11-03 04:33:34.485016+00
08c591d9-b0ee-4006-9070-b9bbbb690acf;0f6b8f81-1fc3-4d99-ad74-3c4f1247e6d3;red;13.983357432639167;100.5432633029385;130;;2025-11-03 04:33:38.776921+00;2025-11-03 04:33:38.776921+00
8c4fc09a-e8a2-43eb-ae7e-f15a7e69e569;4581de6b-1ea4-4d9f-88ca-e39fe5b6cdb8;white;13.983016939574142;100.54179209815277;484;;2025-11-03 06:35:07.837088+00;2025-11-03 06:35:07.837088+00
a67a7b0e-2398-4627-acce-23b0b93135f2;4581de6b-1ea4-4d9f-88ca-e39fe5b6cdb8;yellow;13.983014992767934;100.54220755676903;435;;2025-11-03 06:35:16.576254+00;2025-11-03 06:35:16.576254+00
3ff4d016-83bc-4cea-935c-c4b354ab0658;4581de6b-1ea4-4d9f-88ca-e39fe5b6cdb8;red;13.982970619705853;100.54238349729616;414;;2025-11-03 06:35:20.696702+00;2025-11-03 06:35:20.696702+00
cc5e370a-82fa-443c-b523-790c85987181;5b687839-cfae-416e-a100-eee58495f8b2;blue;13.979143635181643;100.49580952791246;168;;2025-11-02 07:54:16.953251+00;2025-11-03 06:40:02.659311+00
3735b595-055f-4c2d-b691-12caa9c46e24;b08aff83-0091-49c5-b49d-226953b2371b;blue;13.982606242134352;100.5460042212776;407;;2025-11-03 08:08:17.633338+00;2025-11-03 08:08:17.633338+00
e2f2f8c0-3128-4b11-9a61-761f2d9e8096;b08aff83-0091-49c5-b49d-226953b2371b;white;13.982515182487276;100.54624695386514;376;;2025-11-03 08:08:30.005124+00;2025-11-03 08:08:30.005124+00
2c919cc3-c4d0-4659-adf7-e82b2a1a3b2d;b08aff83-0091-49c5-b49d-226953b2371b;yellow;13.982464207192251;100.54642778225474;354;;2025-11-03 08:08:36.448518+00;2025-11-03 08:08:36.448518+00
78b9ba30-c6e1-4468-a875-4329d36fc1a6;b08aff83-0091-49c5-b49d-226953b2371b;red;13.982218198556765;100.54668009580416;315;;2025-11-03 08:08:43.194417+00;2025-11-03 08:08:43.194417+00
1a28bb9f-835b-4f4c-82a2-1fd4060d7066;d85252ea-de77-4dc8-9b49-88365cdc37b0;white;13.980892046419257;100.54942021246768;107;;2025-11-04 06:28:18.656799+00;2025-11-04 06:28:18.656799+00
51e66db9-4aad-4250-98e8-5c1eaab7e642;d85252ea-de77-4dc8-9b49-88365cdc37b0;red;13.980737880969073;100.54950564946523;91;;2025-11-04 06:34:34.528659+00;2025-11-04 06:34:34.528659+00
6cf3233e-0045-4a48-ac73-098e4f1c4cb3;d85252ea-de77-4dc8-9b49-88365cdc37b0;yellow;13.98077576573344;100.54932517809237;92;;2025-11-04 06:35:07.501144+00;2025-11-04 06:35:07.501144+00
a82c3463-32d9-4cb6-a742-83cb1c5a584c;2e76e356-284e-4af8-8884-f4b68b4a8d15;blue;13.979783248898968;100.54893699028503;370;;2025-11-04 06:37:45.906028+00;2025-11-04 06:37:45.906028+00
5210b766-a08c-41a3-98ab-a9e2c1015d0b;e7863eb8-f24f-46b4-aee8-0e54d6ba43de;blue;13.82887208053775;100.68350501001271;391;;2025-11-04 07:08:06.350613+00;2025-11-04 07:11:18.683019+00
39489abd-7e9b-4770-b1e6-975edaad7ed2;e7863eb8-f24f-46b4-aee8-0e54d6ba43de;yellow;13.828806935752354;100.68359777731064;385;;2025-11-04 07:13:15.272483+00;2025-11-04 07:13:15.272483+00
02cb7eee-786f-434d-a3e1-45b196d66098;e7863eb8-f24f-46b4-aee8-0e54d6ba43de;red;13.82879149677062;100.68363738727248;380;;2025-11-04 07:13:44.754183+00;2025-11-04 07:13:44.754183+00
52d8720f-8e59-410f-a9c3-b86a173ccad4;e7863eb8-f24f-46b4-aee8-0e54d6ba43de;white;13.828830086545082;100.68356434415244;390;;2025-11-04 07:12:32.418902+00;2025-11-04 07:13:57.039831+00
96fe5a34-d721-4576-af6e-c5f41de5fc51;2e76e356-284e-4af8-8884-f4b68b4a8d15;white;13.97992992364523;100.54882717776854;352;;2025-11-04 07:14:03.296055+00;2025-11-04 07:14:03.296055+00
c774aa0e-b783-4298-855a-9fba5dccad4e;2e76e356-284e-4af8-8884-f4b68b4a8d15;yellow;13.980039463188248;100.54856607441417;319;;2025-11-04 07:14:29.418896+00;2025-11-04 07:14:29.418896+00
d4ed8a65-a911-406a-83ea-c6d71f1e698f;2e76e356-284e-4af8-8884-f4b68b4a8d15;red;13.980045991027268;100.54840589639639;300;;2025-11-04 07:14:37.228509+00;2025-11-04 07:14:37.228509+00
db758844-24c3-4cae-a228-7869e7741745;aeab1749-abcf-48bf-b477-50812517e551;blue;13.981289744171349;100.54578111870495;349;;2025-11-04 07:15:46.011263+00;2025-11-04 07:15:46.011263+00
a47045ad-5d84-4c69-8fce-18591d276a00;aeab1749-abcf-48bf-b477-50812517e551;white;13.981220252660506;100.54607582002302;313;;2025-11-04 07:15:55.807066+00;2025-11-04 07:15:55.807066+00
1c3025f6-6dac-40d1-a186-a011a5279522;aeab1749-abcf-48bf-b477-50812517e551;yellow;13.981031308967175;100.54656860336752;251;;2025-11-04 07:16:23.616685+00;2025-11-04 07:16:23.616685+00
fe573262-efd9-4e05-a237-b9e2ce7db603;aeab1749-abcf-48bf-b477-50812517e551;red;13.980949785543743;100.54673462857755;230;;2025-11-04 07:16:32.607083+00;2025-11-04 07:16:32.607083+00
f85b1fa2-d489-4d57-8b27-0321ab988542;745fdec6-e508-4d5e-80fa-166d39c10be7;blue;13.828200896178515;100.68685016831364;381;;2025-11-04 06:43:40.345011+00;2025-11-04 07:04:18.081214+00
fac26226-2a7d-41c2-9f5d-4ba95be91e68;745fdec6-e508-4d5e-80fa-166d39c10be7;white;13.82825517107321;100.6866737366164;360;;2025-11-04 06:43:50.919912+00;2025-11-04 07:04:50.242835+00
5851fa65-5573-4ca9-8475-6b61fc0db939;9fc88378-2740-42cc-8ebb-d1e86636ff67;blue;13.980971567421136;100.54865763709324;380;;2025-11-04 07:17:32.106001+00;2025-11-04 07:17:32.106001+00
c353a9c9-cb58-4a87-9e28-192f4e77b8c4;9fc88378-2740-42cc-8ebb-d1e86636ff67;white;13.981016250847873;100.5485732555814;369;;2025-11-04 07:17:51.660794+00;2025-11-04 07:17:51.660794+00
2ac9bbff-6403-41bf-859e-2a6bf29232bb;745fdec6-e508-4d5e-80fa-166d39c10be7;yellow;13.828338417703648;100.68649530285501;336;;2025-11-04 06:43:59.951344+00;2025-11-04 07:05:30.902523+00
ba426065-62d5-4fa0-91b7-e04ed09523ca;9fc88378-2740-42cc-8ebb-d1e86636ff67;yellow;13.98107604480532;100.5484373708153;352;;2025-11-04 07:18:01.409622+00;2025-11-04 07:18:01.409622+00
5020cd39-6216-4453-b6d4-0abdbf99729d;745fdec6-e508-4d5e-80fa-166d39c10be7;red;13.828416085887469;100.68628044420842;309;;2025-11-04 06:44:07.883396+00;2025-11-04 07:05:59.912173+00
f44b0159-30fb-4f6d-9922-2f0429ed2ae3;9fc88378-2740-42cc-8ebb-d1e86636ff67;red;13.981171161591817;100.54828514640883;332;;2025-11-04 07:18:12.049398+00;2025-11-04 07:18:12.049398+00
b996ed5a-8813-4343-a557-13d96c94fa6f;9b9fe5a9-64ce-422c-bcb0-f268ba8dd766;blue;13.981628293984983;100.5452213018691;482;;2025-11-04 07:19:55.188969+00;2025-11-04 07:19:55.188969+00
419a7da6-8275-4fe2-947e-8f74b1d92b56;9b9fe5a9-64ce-422c-bcb0-f268ba8dd766;white;13.981622752942684;100.54513116090465;472;;2025-11-04 07:20:03.772721+00;2025-11-04 07:20:03.772721+00
62de56e1-252a-4924-89ca-e5164716794c;4581de6b-1ea4-4d9f-88ca-e39fe5b6cdb8;blue;13.983007441438133;100.5416865027583;496;;2025-11-03 06:35:00.736618+00;2025-11-04 07:24:21.044438+00
6d6727fc-706a-4a49-b18b-1cc281a4181f;9b9fe5a9-64ce-422c-bcb0-f268ba8dd766;yellow;13.981715703661138;100.5449225109794;445;;2025-11-04 07:20:14.978325+00;2025-11-04 07:20:14.978325+00
61f1f403-6a35-492c-b9a3-e63252dfaaed;4581de6b-1ea4-4d9f-88ca-e39fe5b6cdb8;black;13.98299530871877;100.5415891237202;507;;2025-11-04 07:24:26.722648+00;2025-11-04 07:24:43.782233+00
bab0a014-e185-4ba8-a294-0b68600d3e9c;aa138f40-45d4-4993-8cbb-3cf20e52f402;black;13.982991720228696;100.54095226449647;318;;2025-11-04 07:21:53.480109+00;2025-11-04 07:21:53.480109+00
a686f6a9-9778-4fa9-9332-8083e650796b;9b9fe5a9-64ce-422c-bcb0-f268ba8dd766;red;13.981857925368303;100.54472092245175;418;;2025-11-04 07:20:23.146064+00;2025-11-04 07:20:23.146064+00
c789e60b-1bd5-4940-956c-08d47ca2048d;0f6b8f81-1fc3-4d99-ad74-3c4f1247e6d3;blue;13.983300499211495;100.5436782091125;179;;2025-11-03 04:33:24.007818+00;2025-11-04 07:23:15.36633+00
b637c78f-aae6-48b2-9db8-c08e30bdb246;09007109-76a5-4f4a-93f1-0a620ce43dea;blue;13.826853120548833;100.68648360921782;167;;2025-11-04 07:24:46.509201+00;2025-11-04 07:24:46.509201+00
1afcbedc-17c4-41ec-9fd0-39d2d5c6a4ab;0f6b8f81-1fc3-4d99-ad74-3c4f1247e6d3;black;13.983278646233416;100.5437633501711;189;;2025-11-04 07:23:28.445012+00;2025-11-04 07:23:28.445012+00
7c1307d0-3f36-48e4-89b7-2e2da5cccbe2;b08aff83-0091-49c5-b49d-226953b2371b;black;13.982598052676224;100.54589739667881;418;;2025-11-04 07:25:28.085847+00;2025-11-04 07:25:28.085847+00
338f05c1-6253-4139-8912-be8d7462f427;2e76e356-284e-4af8-8884-f4b68b4a8d15;black;13.979727001779708;100.54901494153813;381;;2025-11-04 07:26:57.331792+00;2025-11-04 07:26:57.331792+00
e8c7b127-09c4-4875-996d-f9ca7e4132bd;d85252ea-de77-4dc8-9b49-88365cdc37b0;blue;13.981065595670387;100.54943629935048;128;;2025-11-04 06:28:10.226603+00;2025-11-04 07:26:32.484921+00
b1fe29b2-078a-4abe-9a34-3eff75bcae20;d85252ea-de77-4dc8-9b49-88365cdc37b0;black;13.98115879564736;100.54945800788255;140;;2025-11-04 07:26:01.151834+00;2025-11-04 07:26:36.496286+00
9e621af2-b27b-4283-867a-f48ac91d1447;aeab1749-abcf-48bf-b477-50812517e551;black;13.981294203078747;100.54571717314855;356;;2025-11-04 07:27:23.244493+00;2025-11-04 07:27:23.244493+00
aee1dce3-6ffd-43d7-ab50-b57fe00a9c3d;9fc88378-2740-42cc-8ebb-d1e86636ff67;black;13.98092907537152;100.54875861856834;393;;2025-11-04 07:27:49.705777+00;2025-11-04 07:27:49.705777+00
9e330a78-9b5f-4312-8b28-67b7fe568e21;09007109-76a5-4f4a-93f1-0a620ce43dea;white;13.826831142722071;100.68645223112287;162;;2025-11-04 07:25:10.1034+00;2025-11-04 07:29:28.82373+00
1d8936b2-6a88-4aac-a4c9-91d932387186;9b9fe5a9-64ce-422c-bcb0-f268ba8dd766;black;13.981457428329861;100.54532662028959;500;;2025-11-04 07:28:16.094712+00;2025-11-04 07:28:16.094712+00
1285c279-7e26-43dc-a9db-fd82d5e1e1d2;09007109-76a5-4f4a-93f1-0a620ce43dea;yellow;13.8268074587467;100.68642025566771;158;;2025-11-04 07:29:57.687482+00;2025-11-04 07:29:57.687482+00
42df17be-2cec-4273-bc3b-153f3e563d9d;09007109-76a5-4f4a-93f1-0a620ce43dea;red;13.82678726194061;100.68639485610231;154;;2025-11-04 07:30:06.159435+00;2025-11-04 07:30:06.159435+00
88c89dd6-3571-4446-9f45-4f8bf3729df7;7d5ce1e2-53e5-4ba1-8939-6ca3b55fccb9;blue;13.825683245591733;100.68493171656286;512;;2025-11-04 07:33:09.183412+00;2025-11-04 07:33:22.069096+00
6e04c71c-fde1-4129-8942-7c565575710a;62f0ef62-8338-4f65-a63c-8651596922f4;blue;13.832135450045016;100.68562803104913;424;;2025-11-05 02:16:50.596571+00;2025-11-05 02:17:17.48768+00
7f6d8f37-73f2-447d-ab51-d608f2e3248b;7d5ce1e2-53e5-4ba1-8939-6ca3b55fccb9;white;13.825775022352033;100.68483996088395;497;;2025-11-04 07:33:51.468787+00;2025-11-04 07:35:57.368628+00
31c9d954-8344-4336-8c07-d5c697ad1d7f;7d5ce1e2-53e5-4ba1-8939-6ca3b55fccb9;yellow;13.825981792295934;100.68458992543253;461;;2025-11-04 07:35:24.138496+00;2025-11-04 07:36:02.722787+00
e3dc8d9a-3899-466e-9946-75ef70378cc9;7d5ce1e2-53e5-4ba1-8939-6ca3b55fccb9;red;13.826257761770549;100.68444439612597;424;;2025-11-04 07:36:53.756578+00;2025-11-04 07:36:53.756578+00
d23f760f-60cb-4f02-baa6-e321eb3fe833;966fe56c-0a11-4d38-92e4-ec2a6a258126;blue;13.830071636977038;100.68267451215098;440;;2025-11-04 07:45:16.970425+00;2025-11-04 07:45:36.475127+00
e9297b12-ce84-4af2-b9e4-715f7c294803;966fe56c-0a11-4d38-92e4-ec2a6a258126;white;13.830344590899685;100.6824958828264;402;;2025-11-04 07:46:06.862576+00;2025-11-04 07:46:06.862576+00
11ab0b4e-0517-4260-9de8-f722a67bdf48;966fe56c-0a11-4d38-92e4-ec2a6a258126;yellow;13.830569126856645;100.68228231637812;365;;2025-11-04 07:46:39.23534+00;2025-11-04 07:46:39.23534+00
e2cfc121-e8d8-4b60-88f9-32a6b76e032f;966fe56c-0a11-4d38-92e4-ec2a6a258126;red;13.830809409122509;100.6820791218529;327;;2025-11-04 07:47:14.072486+00;2025-11-04 07:47:14.072486+00
70b9bf89-9239-4819-b7e5-b026eed08a18;b9f2ca0e-9dec-4f82-ada5-0b91089713a9;blue;13.833478858489045;100.67908000260172;341;;2025-11-04 07:50:24.284087+00;2025-11-04 07:50:24.284087+00
e7fea117-b65c-499b-b600-94d7db70bb0d;b9f2ca0e-9dec-4f82-ada5-0b91089713a9;white;13.833486786266064;100.67916934915911;330;;2025-11-04 07:56:01.816278+00;2025-11-04 07:56:01.816278+00
54458145-5137-4844-8b91-cfca43a84e65;b9f2ca0e-9dec-4f82-ada5-0b91089713a9;yellow;13.833029351433012;100.67946285739748;313;;2025-11-04 08:01:34.75458+00;2025-11-04 08:01:34.75458+00
1c43100e-ecf1-47e1-a203-04cb6c381913;b9f2ca0e-9dec-4f82-ada5-0b91089713a9;red;13.833044728759958;100.67968272915124;288;;2025-11-04 08:02:08.029564+00;2025-11-04 08:02:08.029564+00
b8d40c19-df36-44b9-b816-b7a81265b0a2;a7912c35-3507-4801-9a5c-2cccbe11f7f4;blue;13.833672156109515;100.68226124895085;504;;2025-11-04 08:17:04.577073+00;2025-11-04 08:17:04.577073+00
6a4768df-a19c-4158-ad20-0ccb4d3b86f9;a7912c35-3507-4801-9a5c-2cccbe11f7f4;yellow;13.832932896164365;100.68243176618705;414;;2025-11-04 08:21:50.210292+00;2025-11-04 08:21:50.210292+00
66dc3602-1b82-4b48-baaa-ab3534da9a5e;a7912c35-3507-4801-9a5c-2cccbe11f7f4;white;13.833333891792378;100.68237584526855;461;;2025-11-04 08:17:49.945045+00;2025-11-04 08:22:08.489529+00
4328d75c-8626-4d26-9994-011863fcddd5;a7912c35-3507-4801-9a5c-2cccbe11f7f4;red;13.832841427474435;100.68273420916165;389;;2025-11-04 08:22:55.626571+00;2025-11-04 08:22:55.626571+00
9942a4ca-9924-4168-a9a4-dee528bb1765;c28e9c65-088a-43bb-8426-5f39d428ed24;yellow;13.833854042832954;100.68404700138558;398;;2025-11-05 02:08:49.502606+00;2025-11-05 02:09:23.175783+00
2e24dad4-5b74-4fef-8a25-3a6346e661b9;b4897844-1513-4015-bf2b-a511de64829a;blue;13.83465473183982;100.68249317896527;580;;2025-11-05 02:20:34.564694+00;2025-11-05 02:20:57.950567+00
bd445db3-f2bf-4c07-a8a1-cfe127dbfa00;158f4f8d-a27c-483e-b831-83f07918bf9b;blue;13.829702189986605;100.68475098289912;224;;2025-11-04 08:31:47.038318+00;2025-11-04 08:37:12.328838+00
526714fc-3abf-4c3c-a7a2-612b9ba284d4;158f4f8d-a27c-483e-b831-83f07918bf9b;white;13.829736019663017;100.68473416039848;220;;2025-11-04 08:37:25.563757+00;2025-11-04 08:37:25.563757+00
e12e9036-c18e-4a56-aaff-67b6da7b3d78;158f4f8d-a27c-483e-b831-83f07918bf9b;yellow;13.829775769754548;100.6847128149085;214;;2025-11-04 08:37:38.477932+00;2025-11-04 08:37:38.477932+00
668f608a-2f3f-4ee1-8bf0-da8007ffdd5a;158f4f8d-a27c-483e-b831-83f07918bf9b;red;13.829818863414943;100.68468442047345;208;;2025-11-04 08:37:53.903449+00;2025-11-04 08:37:53.903449+00
a780a696-17da-430f-8498-506fe50c9558;c213cb19-2adc-40a7-bf4d-2505f256e95a;blue;13.831315605467623;100.6845978986778;397;;2025-11-04 08:40:16.171923+00;2025-11-04 08:40:16.171923+00
b76fdca6-8f97-476f-935b-0fada86255ea;c213cb19-2adc-40a7-bf4d-2505f256e95a;white;13.831143762694978;100.68471715487823;372;;2025-11-04 08:40:58.112418+00;2025-11-04 08:40:58.112418+00
7ea8fc77-473f-4399-a68a-d9f6bf5c14bf;c213cb19-2adc-40a7-bf4d-2505f256e95a;yellow;13.831003171706243;100.6847943054297;353;;2025-11-04 08:41:40.061124+00;2025-11-04 08:41:40.061124+00
ff6261e1-19dc-4f29-b82c-97cf05c8d4c3;c213cb19-2adc-40a7-bf4d-2505f256e95a;red;13.83079081074196;100.68490881339761;325;;2025-11-04 08:42:16.638432+00;2025-11-04 08:42:16.638432+00
d3840504-d231-4707-8839-9def0a2419e4;769ce684-c799-4242-a504-8b0abb0ba53b;blue;13.828919776552596;100.68797050172208;525;;2025-11-04 08:46:10.199846+00;2025-11-04 08:46:10.199846+00
e5c00c88-6b17-45eb-b072-763c0d85352c;769ce684-c799-4242-a504-8b0abb0ba53b;white;13.829275302749835;100.68782515843355;479;;2025-11-04 08:46:48.254735+00;2025-11-04 08:46:48.254735+00
b003f7d2-30c9-4dc2-85f0-14b72338d9c7;769ce684-c799-4242-a504-8b0abb0ba53b;yellow;13.829683116718499;100.68758115368638;427;;2025-11-04 08:47:18.149768+00;2025-11-04 08:47:31.001232+00
f53c27fb-ffa4-4096-bd18-7160c05cf60e;c28e9c65-088a-43bb-8426-5f39d428ed24;blue;13.8340639353261;100.68375159181232;441;;2025-11-05 02:05:52.176299+00;2025-11-05 02:10:12.912082+00
4db22dfe-d99b-4517-87af-ddcd6d7a81ac;769ce684-c799-4242-a504-8b0abb0ba53b;red;13.830241953742402;100.68740305376946;358;;2025-11-04 08:48:00.77297+00;2025-11-04 08:49:14.548876+00
a8005fb4-5f42-4e88-9ab8-4d539f475d9f;522cafa4-6f6a-43be-8d2b-00ac2849bf33;blue;13.832466865902148;100.68687859138754;412;;2025-11-04 08:52:10.916463+00;2025-11-04 08:52:30.808503+00
0d10c5d7-5992-465c-8169-759c7ff85d2f;c28e9c65-088a-43bb-8426-5f39d428ed24;red;13.833613146819062;100.68442866319481;345;;2025-11-05 02:09:04.76053+00;2025-11-05 02:10:39.765239+00
d071bda9-fa0a-4590-853e-ee043c79a531;522cafa4-6f6a-43be-8d2b-00ac2849bf33;red;13.832895912038254;100.68656276372474;352;;2025-11-04 08:54:05.780869+00;2025-11-04 08:54:35.164263+00
70ef2928-687d-4842-b8a3-a8a9cd821198;522cafa4-6f6a-43be-8d2b-00ac2849bf33;yellow;13.832696223311785;100.68669852860307;379;;2025-11-04 08:53:50.430043+00;2025-11-04 08:54:47.910189+00
45e035e7-df9f-4562-a8ce-7000f9bf714b;522cafa4-6f6a-43be-8d2b-00ac2849bf33;white;13.832583642896594;100.68678908954598;395;;2025-11-04 08:53:34.642727+00;2025-11-04 08:55:00.832108+00
9a9e6c5d-cb05-4120-b78b-ca1597a6ea1c;c28e9c65-088a-43bb-8426-5f39d428ed24;white;13.83398069801899;100.68387527274047;423;;2025-11-05 02:07:49.630186+00;2025-11-05 02:07:49.630186+00
b66d7cef-460d-4a15-aa1d-ada5606cc60a;4741aad7-69dd-41ef-aadc-832784fba7ca;blue;13.830913277966644;100.68671088173528;162;;2025-11-05 02:13:30.350366+00;2025-11-05 02:13:37.326348+00
d83e3fc1-20bb-4a79-b5b8-46121b2f6dc2;62f0ef62-8338-4f65-a63c-8651596922f4;white;13.83221028271025;100.68540079529276;397;;2025-11-05 02:17:34.594837+00;2025-11-05 02:17:56.090259+00
b90ee685-335f-4263-a241-38706b48eab8;05e3caa3-32bd-49fb-922e-69393151a408;black;13.982118437149978;100.53990502818613;297;;2025-11-05 02:28:38.424741+00;2025-11-05 02:28:38.424741+00
2b2b01c9-85e5-403a-88b9-1f863000f34d;b4897844-1513-4015-bf2b-a511de64829a;white;13.8347188014625;100.68280253853823;545;;2025-11-05 02:21:24.848995+00;2025-11-05 02:21:36.23314+00
3ed11368-4cf8-4556-a8a5-b4187608c088;62f0ef62-8338-4f65-a63c-8651596922f4;yellow;13.832266132316775;100.68516989475143;373;;2025-11-05 02:18:10.265758+00;2025-11-05 02:18:31.753817+00
54dac358-0c6d-4e86-be5c-db86d8419d20;4741aad7-69dd-41ef-aadc-832784fba7ca;yellow;13.831031293602848;100.68633287801526;117;;2025-11-05 02:14:52.494627+00;2025-11-05 02:15:06.350009+00
a549f2bb-4267-400d-9c8d-326618fc085e;4741aad7-69dd-41ef-aadc-832784fba7ca;white;13.830986002520476;100.68654146836786;140;;2025-11-05 02:14:23.459519+00;2025-11-05 02:15:14.609603+00
50b3ea7f-9776-440d-b169-843bd5281e1f;4741aad7-69dd-41ef-aadc-832784fba7ca;red;13.831112010359675;100.68614927039414;94;;2025-11-05 02:15:32.334598+00;2025-11-05 02:15:32.334598+00
851e2a7c-5539-4710-a4f9-bd1319cb5312;05e3caa3-32bd-49fb-922e-69393151a408;blue;13.98250979870518;100.53993589963994;252;;2025-11-05 02:28:46.693923+00;2025-11-05 02:28:46.693923+00
cede6c0a-6559-45c6-85c2-a0e9d6e6877f;05e3caa3-32bd-49fb-922e-69393151a408;white;13.982781913118188;100.53989640729259;219;;2025-11-05 02:29:00.335598+00;2025-11-05 02:29:00.335598+00
f2cc3dff-7cff-4a2c-b239-12355a8aac06;62f0ef62-8338-4f65-a63c-8651596922f4;red;13.832410320675407;100.68485381790873;334;;2025-11-05 02:18:45.521217+00;2025-11-05 02:19:15.484243+00
e2c8f837-d57f-421c-b354-52b1eba9e8a9;05e3caa3-32bd-49fb-922e-69393151a408;yellow;13.982967222923733;100.53979417328469;194;;2025-11-05 02:29:19.551325+00;2025-11-05 02:29:19.551325+00
107452b8-cb5e-438b-a664-f97b12e7c2e7;b4897844-1513-4015-bf2b-a511de64829a;yellow;13.834798418365466;100.68324535774934;495;;2025-11-05 02:22:03.345275+00;2025-11-05 02:22:35.298012+00
ff8c0e96-7302-4678-8ae7-b002c6cd2893;05e3caa3-32bd-49fb-922e-69393151a408;red;13.98308494022983;100.53978207922466;180;;2025-11-05 02:29:28.716754+00;2025-11-05 02:29:28.716754+00
645879a3-2c09-4fd3-b19c-29dfb41edfe1;492378af-ac60-4a5c-a9aa-0843eb4e3185;black;13.984011124774142;100.53917462078567;173;;2025-11-05 02:30:41.338178+00;2025-11-05 02:30:41.338178+00
4256b9e0-7cbe-4567-814c-24f942d7d246;b4897844-1513-4015-bf2b-a511de64829a;red;13.834984131616437;100.68371467851523;445;;2025-11-05 02:22:59.576349+00;2025-11-05 02:23:30.436291+00
49e48a6d-a757-4d17-b875-b5b4d8932762;492378af-ac60-4a5c-a9aa-0843eb4e3185;blue;13.983909227974436;100.53920427066373;160;;2025-11-05 02:30:50.926329+00;2025-11-05 02:30:50.926329+00
9475b62c-74e4-4289-a6f5-4c8cb4e95ce6;492378af-ac60-4a5c-a9aa-0843eb4e3185;white;13.983831773495666;100.53923952387152;150;;2025-11-05 02:30:59.056006+00;2025-11-05 02:30:59.056006+00
f5d11adb-bef6-4437-85de-fc0ca0eb6218;492378af-ac60-4a5c-a9aa-0843eb4e3185;yellow;13.983744181254778;100.5392783542888;139;;2025-11-05 02:31:09.293168+00;2025-11-05 02:31:09.293168+00
a6c4985f-72d2-41d0-ab20-16c00ddd889d;492378af-ac60-4a5c-a9aa-0843eb4e3185;red;13.983603045700292;100.53931606263836;121;;2025-11-05 02:31:18.381518+00;2025-11-05 02:31:18.381518+00
4f1a0be8-5384-4c83-af7c-3ebfa96dfef8;56cde30c-6932-49d1-8f2a-5b3bb6097654;black;13.982168780321587;100.53888593206074;376;;2025-11-05 02:32:17.983154+00;2025-11-05 02:32:17.983154+00
c7e42835-3e59-483c-96f2-2ef2e3f2af3e;56cde30c-6932-49d1-8f2a-5b3bb6097654;blue;13.982296169252194;100.5388744631519;360;;2025-11-05 02:32:29.3127+00;2025-11-05 02:32:45.522249+00
bdd30e69-1fb9-495f-b3f4-9559c987b165;56cde30c-6932-49d1-8f2a-5b3bb6097654;white;13.982398376888767;100.53886383822584;348;;2025-11-05 02:32:36.404947+00;2025-11-05 02:32:50.846764+00
7680d1bc-4d17-45b2-9229-e5749f1744b2;56cde30c-6932-49d1-8f2a-5b3bb6097654;yellow;13.982504659845944;100.53885213560267;335;;2025-11-05 02:32:57.787525+00;2025-11-05 02:32:57.787525+00
dc4a1615-2d26-4877-a6e8-904104a5f7d4;56cde30c-6932-49d1-8f2a-5b3bb6097654;red;13.982808202522989;100.53872810529106;296;;2025-11-05 02:33:09.585091+00;2025-11-05 02:33:09.585091+00
272b98e5-403e-4237-a41f-b9cb4fbfdb02;6aa8c04d-ed02-4916-8775-022848fce129;black;13.986201842618797;100.5374842662373;506;;2025-11-05 02:34:34.166322+00;2025-11-05 02:34:34.166322+00
2ffe85f4-58d7-439e-b9ee-267f02f28de9;6aa8c04d-ed02-4916-8775-022848fce129;white;13.985694227529919;100.53767873188104;451;;2025-11-05 02:34:51.726785+00;2025-11-05 02:34:51.726785+00
cd773afe-e8d8-4bc8-acf9-4b61bb4c18ce;6aa8c04d-ed02-4916-8775-022848fce129;red;13.98539398942134;100.53775631907234;418;;2025-11-05 02:35:09.109647+00;2025-11-05 02:35:09.109647+00
22e16f6e-79e2-4a89-a158-7202bbf39564;ab5e8108-c1c0-4996-a7a7-f38a55e98a51;black;13.981951854623674;100.53614009214624;172;;2025-11-05 02:36:13.462899+00;2025-11-05 02:36:13.462899+00
f27d313b-b2d2-4f2b-822f-beb66be9755b;ab5e8108-c1c0-4996-a7a7-f38a55e98a51;blue;13.982076572647514;100.53618748872725;158;;2025-11-05 02:36:21.948925+00;2025-11-05 02:36:21.948925+00
976613e0-ff4d-42f2-b25a-45cb5841a2e5;7423e6e6-99d0-4ce6-b7f5-82e9908e5347;black;13.983043026936244;100.53760546945335;293;;2025-11-05 02:37:40.537603+00;2025-11-05 02:37:40.537603+00
1c606dc1-010b-4ea8-ba20-47208949a1d4;7423e6e6-99d0-4ce6-b7f5-82e9908e5347;red;13.983715685146365;100.53752026043759;229;;2025-11-05 02:38:27.804387+00;2025-11-05 02:38:27.804387+00
847d0871-4420-41ec-a8d1-2188e3ca3023;6aa8c04d-ed02-4916-8775-022848fce129;blue;13.985877347974878;100.53761259577385;471;;2025-11-05 02:34:43.749642+00;2025-11-05 02:34:43.749642+00
ef9000fa-6fe5-482a-8d0e-4d059576b6a3;6aa8c04d-ed02-4916-8775-022848fce129;yellow;13.9855436035201;100.53772248900884;435;;2025-11-05 02:35:01.150708+00;2025-11-05 02:35:01.150708+00
adf047cc-bcce-4941-ba99-86da52c3e60d;ab5e8108-c1c0-4996-a7a7-f38a55e98a51;yellow;13.982316934989058;100.53632985839761;128;;2025-11-05 02:36:35.746311+00;2025-11-05 02:36:35.746311+00
d6606865-633e-4385-bdff-18d921dc54b9;7423e6e6-99d0-4ce6-b7f5-82e9908e5347;white;13.983303490513535;100.53744640374327;257;;2025-11-05 02:38:04.98594+00;2025-11-05 02:38:04.98594+00
fa2574cf-f110-406a-a7e8-a962530db9e7;7423e6e6-99d0-4ce6-b7f5-82e9908e5347;yellow;13.98337316998844;100.53745509255054;252;;2025-11-05 02:38:14.395502+00;2025-11-05 02:38:14.395502+00
13f95872-95d6-4dd5-8718-67269ed62a8d;ab5e8108-c1c0-4996-a7a7-f38a55e98a51;white;13.98218792506242;100.53628738189127;141;;2025-11-05 02:36:29.068256+00;2025-11-05 02:36:29.068256+00
42ac1c8a-0aa9-4498-a7e2-9c0eef7a3cca;7423e6e6-99d0-4ce6-b7f5-82e9908e5347;blue;13.983224389631957;100.5375775934566;275;;2025-11-05 02:37:49.839048+00;2025-11-05 02:37:49.839048+00
15ccf6ca-aced-4463-b1f8-8d3d1c68bcd7;ab5e8108-c1c0-4996-a7a7-f38a55e98a51;red;13.982490486056179;100.53637338741015;114;;2025-11-05 02:36:43.05964+00;2025-11-05 02:36:43.05964+00
7845d6f0-ae13-4618-b4e9-d13c214a7650;b16a7d1c-f054-483c-b4e3-4cbcbd83c3d5;black;13.984869826731398;100.53547174351365;391;;2025-11-05 02:39:51.879367+00;2025-11-05 02:39:51.879367+00
bf456fe5-62c9-4c02-9924-b97a8fcae01a;b16a7d1c-f054-483c-b4e3-4cbcbd83c3d5;blue;13.984988534686394;100.53555238331245;376;;2025-11-05 02:40:06.920945+00;2025-11-05 02:40:06.920945+00
def71a0f-069e-495b-91e8-830f0c1077c3;b16a7d1c-f054-483c-b4e3-4cbcbd83c3d5;white;13.985072165070108;100.53561131634075;364;;2025-11-05 02:40:16.196741+00;2025-11-05 02:40:16.196741+00
b639ff31-95f4-4d75-962c-35ab0e316c11;b16a7d1c-f054-483c-b4e3-4cbcbd83c3d5;yellow;13.985129332088817;100.53565457670777;356;;2025-11-05 02:40:23.661396+00;2025-11-05 02:40:23.661396+00
62457a51-f06d-44db-8592-7916e8b510ba;b16a7d1c-f054-483c-b4e3-4cbcbd83c3d5;red;13.985352357654094;100.53576730247477;331;;2025-11-05 02:40:43.766464+00;2025-11-05 02:40:43.766464+00
6d212367-32c6-4cbf-a57f-569da90757fa;429fc400-a428-445f-9097-831252998177;black;13.985909995181999;100.5380617603426;411;;2025-11-05 02:42:10.196239+00;2025-11-05 02:42:10.196239+00
ae6c99fd-9baf-4ee6-9477-0c64682c9885;429fc400-a428-445f-9097-831252998177;blue;13.98592723957853;100.53827944419214;387;;2025-11-05 02:42:17.568506+00;2025-11-05 02:42:17.568506+00
7eb45784-0144-412f-9a02-522002c3f900;429fc400-a428-445f-9097-831252998177;white;13.985753559682735;100.53832371281425;376;;2025-11-05 02:42:24.940319+00;2025-11-05 02:42:24.940319+00
69bcbbed-9ea1-49ad-bce6-4951d67460c5;429fc400-a428-445f-9097-831252998177;yellow;13.98582291489079;100.53849502552777;359;;2025-11-05 02:42:33.258086+00;2025-11-05 02:42:33.258086+00
baec3c5c-c667-4a49-874a-5e6ca5734e28;429fc400-a428-445f-9097-831252998177;red;13.98562423158424;100.53854978080994;346;;2025-11-05 02:42:41.27232+00;2025-11-05 02:42:41.27232+00
a432b5fe-a95b-4026-b12b-8e6431ba3551;752df862-3175-45c6-8de4-e8d53f1b22b6;black;13.985147567864871;100.542251316011;345;;2025-11-05 02:43:30.332862+00;2025-11-05 02:43:30.332862+00
85f34e32-445b-436e-9a9a-9891ec518d32;752df862-3175-45c6-8de4-e8d53f1b22b6;blue;13.985055708225147;100.54220624295544;333;;2025-11-05 02:43:38.563842+00;2025-11-05 02:43:38.563842+00
a8a43889-8a43-4af0-8b61-f832cf9f5213;752df862-3175-45c6-8de4-e8d53f1b22b6;white;13.984914428688185;100.5421211768172;313;;2025-11-05 02:43:47.783774+00;2025-11-05 02:43:47.783774+00
89506e9b-5d9f-496b-a8f8-e230150bb059;752df862-3175-45c6-8de4-e8d53f1b22b6;yellow;13.984820817674532;100.54202876046207;298;;2025-11-05 02:43:57.541336+00;2025-11-05 02:43:57.541336+00
872b324b-0959-492c-b19b-69ae941fe7f2;d833bf8f-8c09-4a3e-8eaf-564552276102;yellow;13.976988741128949;100.54338858518565;357;;2025-11-05 03:21:59.158641+00;2025-11-05 03:21:59.158641+00
b83a09d6-6378-4b96-9586-e7d61d4b7db2;752df862-3175-45c6-8de4-e8d53f1b22b6;red;13.984685876014098;100.54201226566084;284;;2025-11-05 02:44:06.134001+00;2025-11-05 02:44:06.134001+00
e6467886-40f6-4b3f-b7b7-59436b28e919;e3f710ba-bec3-4ed2-a36f-66c340355d3e;blue;13.83404410085626;100.68791518677585;356;;2025-11-05 02:43:53.060324+00;2025-11-05 02:45:05.028393+00
f113caef-b909-4ca3-abc0-ee7b5568fc4f;d833bf8f-8c09-4a3e-8eaf-564552276102;red;13.976534559958893;100.54323899524002;300;;2025-11-05 03:22:16.281957+00;2025-11-05 03:22:21.468821+00
b6bbf3e3-b272-4138-99a4-27514c736d3b;e3f710ba-bec3-4ed2-a36f-66c340355d3e;white;13.833836019462439;100.68810814623083;329;;2025-11-05 02:44:41.792198+00;2025-11-05 02:45:53.664791+00
eac9d9dd-b0b8-41ec-99a6-971d5e63c2fe;b5060a9c-861b-4d26-9efe-61de4827bde2;black;13.974142127975341;100.54220236717231;199;;2025-11-05 03:23:16.94353+00;2025-11-05 03:23:16.94353+00
54b56a51-e499-4191-9cce-60779ae27ab2;e3f710ba-bec3-4ed2-a36f-66c340355d3e;red;13.833563700572043;100.68847151737208;298;;2025-11-05 02:46:14.662599+00;2025-11-05 02:46:39.075476+00
328eefa6-8faf-4c9e-a2ac-5c84a2541f63;e3f710ba-bec3-4ed2-a36f-66c340355d3e;yellow;13.83369816087361;100.6882932110334;313;;2025-11-05 02:45:41.432427+00;2025-11-05 02:46:52.364745+00
5828b9c0-0497-42f1-822c-de3cfa8b9ce6;ad67df2a-7da3-4f96-9531-08e7a94b2d62;blue;13.830858773950254;100.68861325748941;215;;2025-11-05 02:48:59.184766+00;2025-11-05 02:49:06.424227+00
0b6fa990-7164-4d6a-ba47-81761fc0c7c6;b5060a9c-861b-4d26-9efe-61de4827bde2;blue;13.974006137399144;100.54208576484393;179;;2025-11-05 03:23:27.681428+00;2025-11-05 03:23:27.681428+00
a31e1167-3a67-4f98-8163-23a3b98b36c9;b5060a9c-861b-4d26-9efe-61de4827bde2;white;13.973938786397866;100.54193115819601;159;;2025-11-05 03:23:35.76266+00;2025-11-05 03:23:35.76266+00
120ab666-602b-4f2c-85d1-ebbf65adb5a7;ad67df2a-7da3-4f96-9531-08e7a94b2d62;white;13.831046113168995;100.68885574954993;178;;2025-11-05 02:49:28.826771+00;2025-11-05 02:49:53.309854+00
b91fb14a-1aad-4a87-9689-21c9f9d3a9e6;ad67df2a-7da3-4f96-9531-08e7a94b2d62;yellow;13.831147246119556;100.68903334068347;154;;2025-11-05 02:50:12.342113+00;2025-11-05 02:50:12.342113+00
48934ee2-b8d2-4d13-850e-81faa77cf841;ad67df2a-7da3-4f96-9531-08e7a94b2d62;red;13.831400739467668;100.68918638629981;121;;2025-11-05 02:50:30.037548+00;2025-11-05 02:50:47.629224+00
86109878-ed89-41a5-bd9d-e3df38791313;f86a7c88-c486-4812-a422-ef9d72585264;black;13.87708869625527;100.7031106221653;411;;2025-11-05 03:05:39.507627+00;2025-11-05 03:05:39.507627+00
b0a9e22e-e9a4-4a5e-9476-349abed29759;f86a7c88-c486-4812-a422-ef9d72585264;blue;13.876828261426041;100.70322558417934;379;;2025-11-05 03:06:05.351939+00;2025-11-05 03:06:05.351939+00
4aab68a6-ca84-4c61-b3e0-dd3613bd4658;f86a7c88-c486-4812-a422-ef9d72585264;white;13.876619206734375;100.70332109599838;355;;2025-11-05 03:06:21.097892+00;2025-11-05 03:06:21.097892+00
5cd1c938-87e1-463f-9149-796fc2837dfb;f86a7c88-c486-4812-a422-ef9d72585264;red;13.876388402454069;100.7033634997531;327;;2025-11-05 03:06:29.094905+00;2025-11-05 03:06:29.094905+00
e96caed4-f7fa-4bf2-beb6-889feb622f45;cc6bfa7b-b141-4d35-8940-ea6ed5cb0951;black;13.980691006558146;100.54093839526746;560;;2025-11-05 03:16:10.917282+00;2025-11-05 03:16:10.917282+00
c96d7141-eb8b-4514-914c-c78f41d0a0bd;cc6bfa7b-b141-4d35-8940-ea6ed5cb0951;blue;13.980401424547864;100.54105953801582;526;;2025-11-05 03:16:22.485798+00;2025-11-05 03:16:22.485798+00
26029e6f-1dbd-41e6-8e7b-447a92e397eb;cc6bfa7b-b141-4d35-8940-ea6ed5cb0951;white;13.980167690478808;100.54096083244787;497;;2025-11-05 03:16:34.063666+00;2025-11-05 03:16:34.063666+00
d5405e37-287b-4fd3-8539-52597e832bed;cc6bfa7b-b141-4d35-8940-ea6ed5cb0951;yellow;13.980038538627213;100.5409680563215;481;;2025-11-05 03:16:42.82378+00;2025-11-05 03:16:42.82378+00
06bf385f-c50f-4177-821c-9af604b0edb1;cc6bfa7b-b141-4d35-8940-ea6ed5cb0951;red;13.979718435682798;100.54107007025868;443;;2025-11-05 03:16:51.437078+00;2025-11-05 03:16:51.437078+00
ea71aa52-eb87-46fb-988e-8c2c12a700d2;eaca418f-c61e-451f-8220-380cae76f89e;black;13.97650554115603;100.54028285816457;338;;2025-11-05 03:17:45.350566+00;2025-11-05 03:17:45.350566+00
5fb23418-8462-4fea-b786-9c2c87dc4407;eaca418f-c61e-451f-8220-380cae76f89e;blue;13.976412233005561;100.54019778568244;328;;2025-11-05 03:17:59.394148+00;2025-11-05 03:17:59.394148+00
941bc4c3-a5ae-467c-888f-4a56220a314c;eaca418f-c61e-451f-8220-380cae76f89e;white;13.97627377638932;100.54026492038793;311;;2025-11-05 03:18:09.286049+00;2025-11-05 03:18:09.286049+00
5d684f7c-c431-41f6-9826-b55f066e0bd7;eaca418f-c61e-451f-8220-380cae76f89e;yellow;13.976058707227452;100.54030230731735;284;;2025-11-05 03:18:21.746289+00;2025-11-05 03:18:21.746289+00
91c200f6-df7e-4601-9c4e-e9bd9a2630a7;eaca418f-c61e-451f-8220-380cae76f89e;red;13.975769843336735;100.54043938389486;248;;2025-11-05 03:18:34.992227+00;2025-11-05 03:18:34.992227+00
6233fd16-14e5-49f2-8a33-a60c3c71e889;7a7d78a4-cfcf-45f0-9a6c-bdceb3556977;black;13.974025219297502;100.54136648208413;447;;2025-11-05 03:19:37.328317+00;2025-11-05 03:19:37.328317+00
5a0d2c8d-7cfb-45bb-b508-92178af35c4a;7a7d78a4-cfcf-45f0-9a6c-bdceb3556977;blue;13.974135681240526;100.54140140018103;433;;2025-11-05 03:19:48.384985+00;2025-11-05 03:19:48.384985+00
e31de90c-b893-481f-9bfd-ca33648ee824;7a7d78a4-cfcf-45f0-9a6c-bdceb3556977;white;13.974348040640947;100.5414674745137;406;;2025-11-05 03:19:59.499356+00;2025-11-05 03:19:59.499356+00
063639a5-79cc-4fc6-8e80-520768b4aaa2;7a7d78a4-cfcf-45f0-9a6c-bdceb3556977;yellow;13.97453757546657;100.54136844799672;390;;2025-11-05 03:20:09.095855+00;2025-11-05 03:20:09.095855+00
916e87f3-c6c5-4d16-b925-2b48b815818c;7a7d78a4-cfcf-45f0-9a6c-bdceb3556977;red;13.974819578561807;100.54149530623715;353;;2025-11-05 03:20:27.423502+00;2025-11-05 03:20:27.423502+00
fd396ae8-c0be-4f9d-9602-6a917c00339c;d833bf8f-8c09-4a3e-8eaf-564552276102;black;13.977495406366714;100.54340165480977;413;;2025-11-05 03:21:30.749766+00;2025-11-05 03:21:30.749766+00
a5dc4e75-099c-4703-bca8-6613ff80bded;d833bf8f-8c09-4a3e-8eaf-564552276102;blue;13.977324130797754;100.54338829245376;393;;2025-11-05 03:21:38.531932+00;2025-11-05 03:21:38.531932+00
e6f8999c-3706-4794-8fb4-50e8f49c4bcd;d833bf8f-8c09-4a3e-8eaf-564552276102;white;13.977158790429854;100.54336260098563;374;;2025-11-05 03:21:45.929435+00;2025-11-05 03:21:45.929435+00
571a5683-ecca-47e9-9c7a-1340427c24b8;f7bc9b4c-3a3f-419c-9cba-5dbb53e6a9ec;red;13.973088289840135;100.53871573369133;465;;2025-11-05 03:25:49.159855+00;2025-11-05 03:25:49.159855+00
277ee891-cd74-46bb-82bc-e87c9d40624b;b5060a9c-861b-4d26-9efe-61de4827bde2;yellow;13.973858988682466;100.54176675409076;137;;2025-11-05 03:23:42.753025+00;2025-11-05 03:23:56.392867+00
092b89c3-94c8-49fd-8f54-3a368102cb7e;b5060a9c-861b-4d26-9efe-61de4827bde2;red;13.973536506443466;100.54172503262447;116;;2025-11-05 03:24:09.883255+00;2025-11-05 03:24:09.883255+00
fc25c182-580f-4901-838e-993cc86f9f13;f7bc9b4c-3a3f-419c-9cba-5dbb53e6a9ec;black;13.972171360084076;100.53960025179526;598;;2025-11-05 03:25:15.463859+00;2025-11-05 03:25:15.463859+00
5172bf6e-90c0-4b5a-90ae-48e86fc9bc76;f7bc9b4c-3a3f-419c-9cba-5dbb53e6a9ec;blue;13.972403544398205;100.53932590058383;562;;2025-11-05 03:25:24.088492+00;2025-11-05 03:25:24.088492+00
93378535-f70f-435f-ab05-6b2bd457ee02;f7bc9b4c-3a3f-419c-9cba-5dbb53e6a9ec;white;13.972637427743521;100.53908384493025;527;;2025-11-05 03:25:34.078022+00;2025-11-05 03:25:34.078022+00
a272c878-72a8-42b7-9607-04c940ea2830;f7bc9b4c-3a3f-419c-9cba-5dbb53e6a9ec;yellow;13.97285464982194;100.53894527547186;498;;2025-11-05 03:25:41.957024+00;2025-11-05 03:25:41.957024+00
1d226613-4854-4228-bfc7-b268cad0714e;e75e2fa6-cf01-4f0a-a586-c3889cd65daf;black;13.976877884058013;100.53850172706376;362;;2025-11-05 03:26:48.004997+00;2025-11-05 03:26:48.004997+00
69130568-b46b-4732-87cb-36699600aa92;e75e2fa6-cf01-4f0a-a586-c3889cd65daf;blue;13.977072007942809;100.53850065004491;339;;2025-11-05 03:26:55.712658+00;2025-11-05 03:26:55.712658+00
e072f54a-e4b3-402c-aae6-07e28f4b92c6;e75e2fa6-cf01-4f0a-a586-c3889cd65daf;white;13.977337451313247;100.53846975012073;307;;2025-11-05 03:27:03.209418+00;2025-11-05 03:27:03.209418+00
6635b7f9-8b8b-424c-8e02-45c52c350ecd;e75e2fa6-cf01-4f0a-a586-c3889cd65daf;yellow;13.977488626654875;100.53844312611699;289;;2025-11-05 03:27:11.565538+00;2025-11-05 03:27:11.565538+00
a49fa9f4-952a-4d7c-8284-0a18bb94998a;d73afc93-c34e-4ad9-b63a-e8b14749ff0a;blue;13.873912066405197;100.70420886273445;442;;2025-11-05 03:27:03.856569+00;2025-11-05 03:28:36.596405+00
f03dcdce-6791-4107-998b-d30f62409cc9;d73afc93-c34e-4ad9-b63a-e8b14749ff0a;white;13.87392652407162;100.70423034545598;440;;2025-11-05 03:27:47.755723+00;2025-11-05 03:28:54.62871+00
5041c2fd-10da-4688-b805-ba12f17fd3da;e75e2fa6-cf01-4f0a-a586-c3889cd65daf;red;13.977643045942969;100.53839417303112;269;;2025-11-05 03:27:27.466406+00;2025-11-05 03:27:36.355197+00
eb873467-8cc7-4076-a207-80741b6ecb6d;eb63e5dc-401e-48e6-97f1-411e85d2a560;black;13.979586986552533;100.53742981998562;201;;2025-11-05 03:29:04.535928+00;2025-11-05 03:29:04.535928+00
9893f8f1-63d3-47c3-acaf-d533b270d358;eb63e5dc-401e-48e6-97f1-411e85d2a560;blue;13.979874378933843;100.53720292848146;161;;2025-11-05 03:29:21.266094+00;2025-11-05 03:29:21.266094+00
9c451f23-42d1-4ca7-8f70-98b7d99e8a77;7f9acdf6-0b4c-43fd-b7db-84ae7df364d2;red;13.8698886951248;100.70611533339684;80;;2025-11-05 03:57:01.17232+00;2025-11-05 03:57:34.421581+00
7b4e02e9-7e69-4bf3-a3f7-a36512a93cf3;d73afc93-c34e-4ad9-b63a-e8b14749ff0a;black;13.873898546993814;100.70418713985521;444;;2025-11-05 03:25:42.456761+00;2025-11-05 03:28:27.134685+00
9a81cec9-d292-4dbc-8db7-982cf1736a7f;d73afc93-c34e-4ad9-b63a-e8b14749ff0a;red;13.873936853992817;100.70425011058933;438;;2025-11-05 03:28:41.045994+00;2025-11-05 03:29:12.739922+00
1284678a-addc-4503-8af4-7935f8289e97;eb63e5dc-401e-48e6-97f1-411e85d2a560;white;13.97979001285944;100.53714386543095;160;;2025-11-05 03:29:30.024948+00;2025-11-05 03:29:30.024948+00
73cf2f4d-a9b0-4e48-b08d-6914a5e901f4;eb63e5dc-401e-48e6-97f1-411e85d2a560;red;13.979746952498843;100.536858334111;136;;2025-11-05 03:29:41.934371+00;2025-11-05 03:29:41.934371+00
261fcfca-5d03-42f4-bb72-d2c3279de6b6;eb63e5dc-401e-48e6-97f1-411e85d2a560;yellow;13.979828539852818;100.53717235233103;160;;2025-11-05 03:29:49.563788+00;2025-11-05 03:29:49.563788+00
14482bf4-d14e-4363-a86e-a46abbc89828;b070a52a-2ac2-4a4f-8700-3d42665a2375;black;13.981114485764238;100.53568087716457;435;;2025-11-05 03:30:53.71905+00;2025-11-05 03:30:53.71905+00
4045e0df-03b6-480e-a186-65c31a77b3e5;b070a52a-2ac2-4a4f-8700-3d42665a2375;red;13.981026602590433;100.53652970358621;338;;2025-11-05 03:31:39.406479+00;2025-11-05 03:31:48.928501+00
0958d752-7313-4586-8371-893d00a348b2;b070a52a-2ac2-4a4f-8700-3d42665a2375;yellow;13.981032883686922;100.5361913152015;375;;2025-11-05 03:31:28.342363+00;2025-11-05 03:31:57.662935+00
33ec4414-2d6b-43d5-82ac-929064bf7912;b070a52a-2ac2-4a4f-8700-3d42665a2375;white;13.981051868811207;100.5360775675789;389;;2025-11-05 03:31:13.523448+00;2025-11-05 03:32:01.372417+00
0206ff0f-915a-4dea-9441-1d4493a406b9;b070a52a-2ac2-4a4f-8700-3d42665a2375;blue;13.981086337447636;100.53592026547892;408;;2025-11-05 03:31:05.558522+00;2025-11-05 03:32:04.531341+00
d5c549ba-ec10-4419-be2f-cceb881fb308;8807bb13-5df2-4931-9996-2f8974551bb1;red;13.872572717758118;100.70764650572869;369;;2025-11-05 03:31:44.419107+00;2025-11-05 03:32:20.908442+00
7652df77-72bf-4c3f-8239-ae4226d47e74;8807bb13-5df2-4931-9996-2f8974551bb1;white;13.872561777302707;100.70768780636888;374;;2025-11-05 03:32:28.750901+00;2025-11-05 03:32:28.750901+00
af2335c2-366a-43cb-886f-d57fa3e8dd79;8807bb13-5df2-4931-9996-2f8974551bb1;blue;13.872540640372492;100.70771645140411;378;;2025-11-05 03:33:21.609315+00;2025-11-05 03:33:21.609315+00
76ffd109-6094-4257-aa07-d749ef3ca93b;a9e039ec-6fd3-4eca-859b-fd00781b6e01;black;13.980258470923786;100.53976766368481;443;;2025-11-05 03:46:50.273846+00;2025-11-05 03:46:50.273846+00
a2e48ae2-833b-42a8-83e5-4117d60ea420;a9e039ec-6fd3-4eca-859b-fd00781b6e01;blue;13.980129601170404;100.53967939101204;426;;2025-11-05 03:47:09.969411+00;2025-11-05 03:47:09.969411+00
70ee4e04-7382-4969-a3ac-8280486f7cfb;a9e039ec-6fd3-4eca-859b-fd00781b6e01;white;13.979752442018267;100.53954901261397;379;;2025-11-05 03:47:20.894456+00;2025-11-05 03:47:20.894456+00
7ff30047-5324-47e9-8100-1d74555c6dc0;a9e039ec-6fd3-4eca-859b-fd00781b6e01;yellow;13.979572265462664;100.53943384838044;355;;2025-11-05 03:47:31.500083+00;2025-11-05 03:47:31.500083+00
df2abc90-884f-4156-b6ff-5821892c7147;a9e039ec-6fd3-4eca-859b-fd00781b6e01;red;13.979450045566878;100.53939512770881;340;;2025-11-05 03:47:38.927211+00;2025-11-05 03:47:38.927211+00
fbde4aa6-3c57-4e7e-b500-443e55392918;7b92b5b8-c5a2-4e98-b3ae-55702751b374;black;13.976531305042585;100.53962214376355;160;;2025-11-05 03:48:51.150424+00;2025-11-05 03:48:51.150424+00
1a415bca-6f75-4d87-ad4c-6b34bf498ef6;7b92b5b8-c5a2-4e98-b3ae-55702751b374;blue;13.976411986998471;100.53946935627818;142;;2025-11-05 03:48:59.341543+00;2025-11-05 03:48:59.341543+00
de6d309d-36de-44f7-9f1a-11b7411aa3c5;7b92b5b8-c5a2-4e98-b3ae-55702751b374;white;13.976281746466498;100.5393449290919;125;;2025-11-05 03:49:17.232938+00;2025-11-05 03:49:17.232938+00
31f13ff6-8cf4-4634-b543-043f32941487;7b92b5b8-c5a2-4e98-b3ae-55702751b374;yellow;13.975708147697603;100.5391803246315;56;;2025-11-05 03:49:29.940902+00;2025-11-05 03:49:29.940902+00
3a46e611-3b0d-4d82-b7e3-d36d5e179a4e;7b92b5b8-c5a2-4e98-b3ae-55702751b374;red;13.976182273267;100.53918776061289;113;;2025-11-05 03:49:57.830914+00;2025-11-05 03:49:57.830914+00
0a920655-690e-4685-9dc6-4c19c6e42244;71307f5e-48cf-4686-a0d1-9269ced94aba;black;13.97503893876953;100.53875986077423;292;;2025-11-05 03:51:22.493484+00;2025-11-05 03:51:22.493484+00
823e4d54-b1d6-4902-9fcd-8038e28cba95;71307f5e-48cf-4686-a0d1-9269ced94aba;blue;13.97502519195659;100.53876387806383;290;;2025-11-05 03:51:27.506331+00;2025-11-05 03:51:27.506331+00
66785143-4c71-4f1b-89b7-c2de1769038e;71307f5e-48cf-4686-a0d1-9269ced94aba;white;13.975028954996276;100.53875432859934;291;;2025-11-05 03:51:32.384462+00;2025-11-05 03:51:32.384462+00
1189555d-16ce-4cff-b37c-8ac56515e2e4;8807bb13-5df2-4931-9996-2f8974551bb1;black;13.87251883995853;100.70774737455491;382;;2025-11-05 03:51:35.638698+00;2025-11-05 03:51:35.638698+00
4feeef10-837e-4803-b2af-9c36a14a8101;71307f5e-48cf-4686-a0d1-9269ced94aba;yellow;13.975038242989896;100.53878638503681;290;;2025-11-05 03:51:40.440849+00;2025-11-05 03:51:40.440849+00
660b85e5-87d8-4d94-b909-7796375e38ce;71307f5e-48cf-4686-a0d1-9269ced94aba;red;13.975021762807927;100.53877580882613;289;;2025-11-05 03:51:44.447794+00;2025-11-05 03:51:44.447794+00
a49ba6cf-58f9-49b8-b981-0dd7f8dfe0c6;eb7ddc66-7894-4196-b481-d0084ad56b2f;black;13.972128348059485;100.54023198996993;460;;2025-11-05 03:52:57.373595+00;2025-11-05 03:53:06.671244+00
cc780c95-4f5d-4eb8-b329-ff8fba189708;eb7ddc66-7894-4196-b481-d0084ad56b2f;blue;13.971991246080322;100.54020682331856;444;;2025-11-05 03:53:23.834785+00;2025-11-05 03:53:23.834785+00
d1a0fabe-fff2-4990-bb75-8d2a5af7004a;eb7ddc66-7894-4196-b481-d0084ad56b2f;white;13.971845930592963;100.54014746099335;429;;2025-11-05 03:53:31.766401+00;2025-11-05 03:53:31.766401+00
3ae92bff-7aef-4bd1-8759-5f2e1adeb467;eb7ddc66-7894-4196-b481-d0084ad56b2f;yellow;13.971645088563491;100.54010249964836;407;;2025-11-05 03:53:40.424009+00;2025-11-05 03:53:40.424009+00
96b252a5-48b9-494d-95cd-6123fdfd1fa7;eb7ddc66-7894-4196-b481-d0084ad56b2f;red;13.971475126532582;100.54007204506257;389;;2025-11-05 03:53:51.045203+00;2025-11-05 03:53:51.045203+00
f40a1827-cc7f-47d9-ab48-7e0aae9b6e43;1c8e3e17-cb31-4bb6-b967-374c5a7611e3;red;13.87306355131895;100.70477125547569;281;;2025-11-05 03:53:26.335546+00;2025-11-05 03:54:16.813697+00
56a8a1dd-9c16-42f7-9ef1-8e2cc87a5851;a9895598-4918-4fa4-92af-47fd044e069b;black;13.96795922562437;100.54091077686189;324;;2025-11-05 03:54:36.504872+00;2025-11-05 03:54:36.504872+00
d150db0a-201e-4c65-a31f-18445134c259;1c8e3e17-cb31-4bb6-b967-374c5a7611e3;black;13.873532383774617;100.70396080966253;378;;2025-11-05 03:54:43.778341+00;2025-11-05 03:54:43.778341+00
a5d8a992-fc62-41f9-a7dc-7a0ec6f471b6;a9895598-4918-4fa4-92af-47fd044e069b;blue;13.967984876611013;100.54092795931871;321;;2025-11-05 03:54:47.570641+00;2025-11-05 03:54:47.570641+00
2cb7dd2f-cb65-4418-9a4f-4cceba1d7f92;a9895598-4918-4fa4-92af-47fd044e069b;white;13.967950667874831;100.54112452028608;301;;2025-11-05 03:55:02.240983+00;2025-11-05 03:55:02.240983+00
e48e4687-ca20-4774-8351-9cc1b9a9dfa1;1c8e3e17-cb31-4bb6-b967-374c5a7611e3;blue;13.873460018650121;100.70415690744454;358;;2025-11-05 03:55:07.343944+00;2025-11-05 03:55:07.343944+00
5650de65-d99c-4353-8396-3c3bfcd3a5aa;a9895598-4918-4fa4-92af-47fd044e069b;yellow;13.967950667874504;100.541306415024;281;;2025-11-05 03:55:10.446274+00;2025-11-05 03:55:10.446274+00
c80b565b-6d0a-4b33-a77f-245369cc0821;a9895598-4918-4fa4-92af-47fd044e069b;red;13.96802466018832;100.54169360974413;236;;2025-11-05 03:55:16.822912+00;2025-11-05 03:55:16.822912+00
e2ffb14e-a91e-4cc6-8963-952a40ca0997;1c8e3e17-cb31-4bb6-b967-374c5a7611e3;white;13.873229944987656;100.70447526395748;315;;2025-11-05 03:55:31.181676+00;2025-11-05 03:55:31.181676+00
5396f099-262a-4425-9562-cb4487391e28;3a89b6ba-adb6-4321-b6f3-1d53e7faabf5;black;13.969525832694046;100.54380018504912;229;;2025-11-05 03:56:12.268707+00;2025-11-05 03:56:12.268707+00
aabc1c8a-4335-404c-a20b-60da632e1636;3a89b6ba-adb6-4321-b6f3-1d53e7faabf5;blue;13.969572987642692;100.543646236082;213;;2025-11-05 03:56:19.397599+00;2025-11-05 03:56:19.397599+00
be0d3e9e-60ad-4a4d-a802-5ea65a213bb2;3a89b6ba-adb6-4321-b6f3-1d53e7faabf5;white;13.969625164518135;100.54333450251391;181;;2025-11-05 03:56:29.615445+00;2025-11-05 03:56:29.615445+00
a68ab9f7-6fa3-4885-9637-d1528c1f384c;3a89b6ba-adb6-4321-b6f3-1d53e7faabf5;red;13.9696128288779;100.54299622484154;145;;2025-11-05 03:56:41.661325+00;2025-11-05 03:56:41.661325+00
a66fafde-bc2c-44b7-b00a-720b5636fcf5;3a89b6ba-adb6-4321-b6f3-1d53e7faabf5;yellow;13.969439898172737;100.54200443806258;50;;2025-11-05 03:56:50.741138+00;2025-11-05 03:56:50.741138+00
4d36997b-bd82-4d64-b136-bfdc62aa14fa;adec5fa9-5434-49af-81e5-c1455835770b;white;13.973240753729712;100.54006151328667;231;;2025-11-05 04:00:55.224875+00;2025-11-05 04:00:55.224875+00
d4b9137a-269e-405a-8b99-23fec7f83cc7;7f9acdf6-0b4c-43fd-b7db-84ae7df364d2;white;13.87021356379337;100.70611541892583;107;;2025-11-05 03:57:58.935735+00;2025-11-05 03:57:58.935735+00
7370b41d-35fb-4d13-8320-b25bd5221b16;214edb6e-9605-41d5-859a-78653f17f3a1;black;13.968795101718996;100.54156935253434;428;;2025-11-05 03:59:01.34819+00;2025-11-05 03:59:01.34819+00
b19ba8e7-90e5-48cf-ac55-4cfdc2a808ca;214edb6e-9605-41d5-859a-78653f17f3a1;blue;13.968823057035962;100.54156527580113;425;;2025-11-05 03:59:09.679101+00;2025-11-05 03:59:09.679101+00
005b2d2f-236f-48a2-9d80-416c6a6d8f14;214edb6e-9605-41d5-859a-78653f17f3a1;white;13.968850827204747;100.54156273229887;422;;2025-11-05 03:59:14.847483+00;2025-11-05 03:59:14.847483+00
bd61492e-3fc1-4328-8b7c-ca22543243cc;214edb6e-9605-41d5-859a-78653f17f3a1;yellow;13.96889013644821;100.54155245938932;417;;2025-11-05 03:59:19.124337+00;2025-11-05 03:59:19.124337+00
2474643a-ac08-4738-97cd-a35810d488c4;214edb6e-9605-41d5-859a-78653f17f3a1;red;13.968929891424821;100.54154366279442;412;;2025-11-05 03:59:22.852358+00;2025-11-05 03:59:22.852358+00
dd820fd2-d33b-4da4-b3d7-165c024bd89c;7f9acdf6-0b4c-43fd-b7db-84ae7df364d2;blue;13.870387361331595;100.70618664610231;129;;2025-11-05 03:59:33.392051+00;2025-11-05 03:59:33.392051+00
28bc25c8-2010-4cc4-b039-8025b8218010;7f9acdf6-0b4c-43fd-b7db-84ae7df364d2;black;13.870720102025757;100.70631004658964;171;;2025-11-05 03:59:54.262484+00;2025-11-05 03:59:54.262484+00
1c20da9c-6349-4316-ad5e-07412a6c7059;adec5fa9-5434-49af-81e5-c1455835770b;black;13.972778328179189;100.54020677112527;289;;2025-11-05 04:00:30.293022+00;2025-11-05 04:00:30.293022+00
76957a08-8fff-4a1d-a011-6fc07c758252;adec5fa9-5434-49af-81e5-c1455835770b;blue;13.972815571212834;100.54020610628288;285;;2025-11-05 04:00:40.363739+00;2025-11-05 04:00:40.363739+00
d00445a6-821d-414e-87b4-88e172ce74b6;adec5fa9-5434-49af-81e5-c1455835770b;yellow;13.97350155218966;100.54018603751103;203;;2025-11-05 04:01:05.818241+00;2025-11-05 04:01:05.818241+00
d4795f70-42d7-435a-a83d-66be362dc6ed;adec5fa9-5434-49af-81e5-c1455835770b;red;13.973534253694496;100.54006849053633;196;;2025-11-05 04:01:13.289705+00;2025-11-05 04:01:13.289705+00
e686791a-acf6-45ed-99e9-4c5e7e82f487;4cc709b4-5345-437f-b825-9311f018ea60;black;13.97555859369811;100.53976305525873;531;;2025-11-05 04:02:08.755766+00;2025-11-05 04:02:08.755766+00
d96b2c71-6f55-4654-9364-b17668bd369f;4cc709b4-5345-437f-b825-9311f018ea60;blue;13.975789962580606;100.53974284357588;504;;2025-11-05 04:02:37.234799+00;2025-11-05 04:02:37.234799+00
57b4c3b0-8b88-4fdf-8020-4f40574d686a;4cc709b4-5345-437f-b825-9311f018ea60;white;13.975941755074345;100.53979455471006;485;;2025-11-05 04:02:44.742194+00;2025-11-05 04:02:44.742194+00
93c999fa-3b1d-4c04-9761-e4a3c32d527e;4cc709b4-5345-437f-b825-9311f018ea60;yellow;13.976259888835258;100.53988106274659;445;;2025-11-05 04:02:47.931236+00;2025-11-05 04:02:47.931236+00
b967aa92-c207-478d-ae82-9b2a0c249dc2;4cc709b4-5345-437f-b825-9311f018ea60;red;13.976627960693037;100.54015302322563;400;;2025-11-05 04:02:51.929137+00;2025-11-05 04:02:51.929137+00
99142d6c-d381-46f1-ad72-928c92ea14ff;552b0e75-7aba-4dd0-a142-4d7b83dae3bb;black;13.870428865548547;100.70482758302927;396;;2025-11-05 04:13:42.078928+00;2025-11-05 04:13:42.078928+00
cab47308-b8f2-4d92-a7b4-192f0218db01;552b0e75-7aba-4dd0-a142-4d7b83dae3bb;blue;13.87041671061749;100.7048350346247;398;;2025-11-05 04:14:19.469845+00;2025-11-05 04:14:19.469845+00
ad4390e1-13cd-4508-9caa-8d7b8188d086;552b0e75-7aba-4dd0-a142-4d7b83dae3bb;white;13.870418459287322;100.7048205976306;397;;2025-11-05 04:14:38.43373+00;2025-11-05 04:14:38.43373+00
0e3c0b1b-184d-40c0-8b02-22da31e067e7;552b0e75-7aba-4dd0-a142-4d7b83dae3bb;red;13.870408050965608;100.70482885758787;398;;2025-11-05 04:14:54.526158+00;2025-11-05 04:14:54.526158+00
b5b498cf-e2c0-4629-9c08-0cc29b4c4f09;3bdf6f52-b574-4503-856d-eb1395211537;black;13.874405206884788;100.70379408956086;206;;2025-11-05 04:16:31.092944+00;2025-11-05 04:16:31.092944+00
cd885218-72bd-4a6f-9076-304f8052f492;3bdf6f52-b574-4503-856d-eb1395211537;blue;13.874627025632634;100.70398309448933;179;;2025-11-05 04:17:05.442481+00;2025-11-05 04:17:05.442481+00
b5609750-abcc-4f66-b0d5-928df938b9d7;3bdf6f52-b574-4503-856d-eb1395211537;white;13.874728002930695;100.70401775922085;167;;2025-11-05 04:17:30.93275+00;2025-11-05 04:17:48.550587+00
6dd4f39d-4dbd-4d23-bec5-ff24db9a0ef9;3bdf6f52-b574-4503-856d-eb1395211537;red;13.874775724122173;100.70403665220135;161;;2025-11-05 04:17:49.171411+00;2025-11-05 04:17:49.171411+00
2bc43526-f40d-4679-962f-03e61e0322b7;d8fb5179-5287-4925-b130-e8f9af701a53;red;13.875926934557754;100.70454153794117;408;;2025-11-05 04:19:31.706966+00;2025-11-05 04:19:31.706966+00
1a78cc36-4e37-41d1-85da-8d4c011675e6;d8fb5179-5287-4925-b130-e8f9af701a53;white;13.875915572704244;100.70456397016318;405;;2025-11-05 04:19:44.365277+00;2025-11-05 04:19:44.365277+00
a581dd37-8aca-4580-9005-eaef6af6c9d1;d8fb5179-5287-4925-b130-e8f9af701a53;blue;13.875932118323107;100.70450785205787;412;;2025-11-05 04:19:56.114236+00;2025-11-05 04:19:56.114236+00
7038a72a-3fb9-4cc5-a994-ea7beb0e0e79;d8fb5179-5287-4925-b130-e8f9af701a53;black;13.875956971359301;100.70452760850014;411;;2025-11-05 04:20:07.166368+00;2025-11-05 04:20:07.166368+00
a857088a-d71d-42b1-ab36-ff4faeded198;99898787-736b-4229-b622-15dcba7bdd82;black;13.87565127196676;100.70730578604918;371;;2025-11-05 04:21:29.153479+00;2025-11-05 04:21:29.153479+00
277530c5-f087-430b-8936-191d1ba05501;99898787-736b-4229-b622-15dcba7bdd82;blue;13.875649058349026;100.70733760184203;375;;2025-11-05 04:21:40.844043+00;2025-11-05 04:21:40.844043+00
3327aa3b-b64c-4d60-9586-3b6d2427ec8b;99898787-736b-4229-b622-15dcba7bdd82;white;13.87565924707495;100.70727758962636;368;;2025-11-05 04:32:33.750842+00;2025-11-05 04:32:33.750842+00
77325d81-f3de-4b5d-bdb6-8aa7eb05e87d;99898787-736b-4229-b622-15dcba7bdd82;red;13.87564159344997;100.70737184292943;379;;2025-11-05 04:32:47.2866+00;2025-11-05 04:32:47.2866+00
96a937c7-7779-4784-b8d0-6ee25f16549d;6b5cfed1-885a-4e37-808b-a86963bcb242;red;13.876770590413187;100.701077634223;365;;2025-11-05 04:34:54.279154+00;2025-11-05 04:35:21.595145+00
9a360b90-4715-44ac-9a40-1deda90cc647;6b5cfed1-885a-4e37-808b-a86963bcb242;white;13.87680747692302;100.70105232888488;369;;2025-11-05 04:35:10.136892+00;2025-11-05 04:35:26.804046+00
3f8e5bf3-0354-4138-be6e-2f21061dc116;6b5cfed1-885a-4e37-808b-a86963bcb242;blue;13.876832834993039;100.70102502283225;372;;2025-11-05 04:35:32.78483+00;2025-11-05 04:35:32.78483+00
57e99320-914d-4473-91db-d6e0cb61b587;6b5cfed1-885a-4e37-808b-a86963bcb242;black;13.876766689993076;100.70103054925596;364;;2025-11-05 04:35:43.735928+00;2025-11-05 04:35:43.735928+00
0d917bb3-4fc5-40e8-a8d5-8993c14a9810;8041fe01-f010-4024-958a-4e3138e63feb;white;13.823626603282975;100.68971462986889;537;;2025-11-05 04:57:44.935704+00;2025-11-05 04:57:59.763068+00
62b49186-dd04-42e3-81fe-c74e676d6c2e;8c4b3388-2875-4297-a11e-23899d433557;yellow;13.831015973596593;100.69022683682977;321;;2025-11-05 04:45:39.56765+00;2025-11-05 04:45:39.56765+00
efe26130-8425-4106-8068-c1870d628042;8c4b3388-2875-4297-a11e-23899d433557;red;13.830853609043032;100.69004893423943;293;;2025-11-05 04:45:59.78657+00;2025-11-05 04:46:09.758617+00
7d406b6f-643a-4c98-a967-9bca2d18c742;8c4b3388-2875-4297-a11e-23899d433557;blue;13.831306643617012;100.69036542246101;359;;2025-11-05 04:43:39.767282+00;2025-11-05 04:47:23.402097+00
9273d326-b7c1-433e-8804-ab9835c0ea8a;8c4b3388-2875-4297-a11e-23899d433557;white;13.831137765893459;100.69034832085777;342;;2025-11-05 04:44:51.634176+00;2025-11-05 04:47:44.839492+00
74e08e1d-15a8-4138-a0cf-d4144fa26b88;8bcf3149-a740-4903-b930-ccf4ae4cbf2d;blue;13.827439236708685;100.68689241698712;382;;2025-11-05 04:51:18.717922+00;2025-11-05 04:51:18.717922+00
6e14033b-c785-41a7-b66b-8ac92facc70a;8bcf3149-a740-4903-b930-ccf4ae4cbf2d;white;13.82732707098269;100.68695551936867;367;;2025-11-05 04:51:37.46678+00;2025-11-05 04:51:45.432277+00
dbd563eb-f82d-46ef-85db-716e8680e2a1;8bcf3149-a740-4903-b930-ccf4ae4cbf2d;red;13.826826784094848;100.6872343260003;297;;2025-11-05 04:52:22.736493+00;2025-11-05 04:52:37.121221+00
aa5dd5ef-40bd-49f0-9656-f05fdb6d5861;8bcf3149-a740-4903-b930-ccf4ae4cbf2d;yellow;13.827039828913115;100.68712777961184;326;;2025-11-05 04:52:01.028453+00;2025-11-05 04:52:49.299047+00
8345a7c2-50a0-4a3b-9b87-00864464bffd;8f7aed5b-ea62-41b9-a67d-9ab7d73b2d2d;blue;13.824282111429525;100.68788415286258;176;;2025-11-05 04:55:02.810416+00;2025-11-05 04:55:02.810416+00
6de0af73-c31c-4765-9745-4defaa3b2999;8f7aed5b-ea62-41b9-a67d-9ab7d73b2d2d;yellow;13.824268054240221;100.68813107653779;147;;2025-11-05 04:55:30.975496+00;2025-11-05 04:55:35.882802+00
43ab3c75-79a1-4d26-8426-bd03d8b5f3c5;8f7aed5b-ea62-41b9-a67d-9ab7d73b2d2d;white;13.824274976562563;100.6880633478309;155;;2025-11-05 04:55:16.289682+00;2025-11-05 04:55:40.690704+00
f6955f75-1c83-4e7b-831b-47c73fb1e822;8041fe01-f010-4024-958a-4e3138e63feb;yellow;13.823785149105404;100.69021065075941;476;;2025-11-05 05:00:45.774423+00;2025-11-05 05:00:53.007006+00
4f974d27-7dad-43f0-94f1-657bb6c3fc3a;04ae17d8-32c0-4879-be2a-01dcc48dc37e;white;13.826607092683346;100.68888091071767;204;;2025-11-05 05:10:01.97845+00;2025-11-05 05:10:15.046671+00
e7e8389a-70fd-4535-9f95-07a03d02c095;8f7aed5b-ea62-41b9-a67d-9ab7d73b2d2d;red;13.824252136923349;100.68849981158633;105;;2025-11-05 04:55:55.318188+00;2025-11-05 04:56:16.819279+00
e12c3b9f-38c6-4fb3-8380-8148bbc32065;8041fe01-f010-4024-958a-4e3138e63feb;blue;13.823539977981824;100.68950040418622;565;;2025-11-05 04:57:32.759691+00;2025-11-05 04:57:32.759691+00
7c67c543-b4c9-4810-87f0-d4d7c2809e43;b4f8edf8-fcb3-4917-ae9a-4b31be422dac;white;13.82428244850911;100.68969909427466;398;;2025-11-05 05:06:00.363037+00;2025-11-05 05:06:19.776521+00
2a848636-d589-47a6-b248-8b888d6d658b;8041fe01-f010-4024-958a-4e3138e63feb;red;13.82381372737737;100.69055729699267;436;;2025-11-05 05:01:06.858019+00;2025-11-05 05:01:20.465866+00
293acf31-b866-4078-b359-56ffc8925e94;f8a05b88-c255-4d07-8490-8d4b003f57b7;blue;13.825724377354874;100.69392380861365;442;;2025-11-05 05:02:34.303563+00;2025-11-05 05:02:34.303563+00
bf4b1dc3-11e8-4c51-9415-6a662a84ac35;f8a05b88-c255-4d07-8490-8d4b003f57b7;white;13.825631435419794;100.69363514183925;407;;2025-11-05 05:03:02.146742+00;2025-11-05 05:03:09.965044+00
d8f57a52-0c22-406a-bab8-cd90a3ad6272;f8a05b88-c255-4d07-8490-8d4b003f57b7;yellow;13.825585527540952;100.69340409028877;379;;2025-11-05 05:03:23.940363+00;2025-11-05 05:03:30.488643+00
ccf48256-835d-462e-8b13-a3c01238fa49;f8a05b88-c255-4d07-8490-8d4b003f57b7;red;13.825515559071505;100.69300389819665;332;;2025-11-05 05:03:48.433419+00;2025-11-05 05:04:03.908711+00
cfa92fb8-ab66-405d-8358-541db68584df;04ae17d8-32c0-4879-be2a-01dcc48dc37e;yellow;13.826400566557723;100.68896493070571;177;;2025-11-05 05:10:27.426093+00;2025-11-05 05:10:27.426093+00
dc56a09c-c030-4f6d-954e-6d28af045ab7;04ae17d8-32c0-4879-be2a-01dcc48dc37e;red;13.826162242056057;100.68897731234563;152;;2025-11-05 05:10:43.290358+00;2025-11-05 05:10:50.977283+00
b5879bc7-e9a2-4aad-a709-081adaca3ccc;a9cf289d-c188-45a7-8198-fb9eff4140f9;yellow;13.82561393824723;100.6905316923735;295;;2025-11-05 05:13:10.825713+00;2025-11-05 05:13:28.201741+00
dee4e9f5-ac9e-4a09-884c-ddf544c346b8;b4f8edf8-fcb3-4917-ae9a-4b31be422dac;yellow;13.82466851613043;100.68927036117998;334;;2025-11-05 05:06:33.990354+00;2025-11-05 05:07:10.736409+00
7cec3dd8-45b8-4537-83d9-661bcd45f6ba;b4f8edf8-fcb3-4917-ae9a-4b31be422dac;red;13.82488908036163;100.68910211737801;302;;2025-11-05 05:07:24.729491+00;2025-11-05 05:07:33.436318+00
609cf18a-40f2-49ed-adb3-2da42883058a;b4f8edf8-fcb3-4917-ae9a-4b31be422dac;blue;13.824087870533376;100.68979217736688;424;;2025-11-05 05:07:54.915329+00;2025-11-05 05:07:54.915329+00
3ff67a04-c411-4106-8e98-833fdf62cdb0;04ae17d8-32c0-4879-be2a-01dcc48dc37e;blue;13.826960350014915;100.6887549418534;248;;2025-11-05 05:09:37.080228+00;2025-11-05 05:09:37.080228+00
31a27011-934f-4961-a898-458b4b1fa0f1;a9cf289d-c188-45a7-8198-fb9eff4140f9;blue;13.825386716182479;100.69010845706725;352;;2025-11-05 05:11:57.553383+00;2025-11-05 05:12:33.047989+00
6b3938d3-3ca7-491b-bed4-54f5d40b8786;a9cf289d-c188-45a7-8198-fb9eff4140f9;white;13.825438742948066;100.69024348671525;335;;2025-11-05 05:12:48.832088+00;2025-11-05 05:12:58.874426+00
f67061d3-44ad-4c65-a00d-0f469283226e;255ac1e3-2835-42d7-b450-ac71ab024a2e;yellow;13.827115085865302;100.69303825183056;390;;2025-11-05 05:15:31.375274+00;2025-11-05 05:15:43.030427+00
8e7dc761-14ce-48a0-bb6f-bec798b5a1af;a9cf289d-c188-45a7-8198-fb9eff4140f9;red;13.825694757388518;100.69078396736552;264;;2025-11-05 05:13:39.220768+00;2025-11-05 05:13:44.442437+00
9cd89a79-7b48-406a-bbeb-70f7940f9980;255ac1e3-2835-42d7-b450-ac71ab024a2e;red;13.82725975784733;100.69287269075784;365;;2025-11-05 05:16:23.91025+00;2025-11-05 05:16:23.91025+00
2261073a-098a-4817-953b-aec05c59a4fb;255ac1e3-2835-42d7-b450-ac71ab024a2e;white;13.827048693369292;100.69314839194323;404;;2025-11-05 05:15:17.514518+00;2025-11-05 05:16:00.582196+00
99bce399-d913-4054-8bd8-9d54a1392ffe;255ac1e3-2835-42d7-b450-ac71ab024a2e;blue;13.826964390910533;100.69327884076722;420;;2025-11-05 05:14:52.41403+00;2025-11-05 05:16:06.434122+00
7ac2062e-6c27-4ac1-a883-d9d9c7c12eb2;6b918267-e8aa-4b31-b2f1-32b5b2da7822;yellow;13.830301119258863;100.69103234142517;357;;2025-11-05 05:18:58.819086+00;2025-11-05 05:19:12.305781+00
df8ad382-19c5-47c2-af2a-ad8b9efc5a3e;6b918267-e8aa-4b31-b2f1-32b5b2da7822;blue;13.830359932621988;100.69109854989404;368;;2025-11-05 05:17:39.004756+00;2025-11-05 05:18:31.24145+00
ad58c004-4004-4373-860d-fdaf9e6673dd;6b918267-e8aa-4b31-b2f1-32b5b2da7822;white;13.830329553303912;100.69106373900576;362;;2025-11-05 05:17:53.574951+00;2025-11-05 05:19:06.161737+00
4edbf938-c83c-4dda-ba91-eeaea7532e3f;6b918267-e8aa-4b31-b2f1-32b5b2da7822;red;13.82997825498191;100.69074553815835;306;;2025-11-05 05:19:25.181571+00;2025-11-05 05:20:14.937017+00
a50f80a9-109d-42be-869c-5dd2e14df0ab;f644e633-2e3d-4692-b72e-1dad6aac1c61;black;13.744392452904862;100.66300853066286;353;;2025-11-05 05:37:51.677826+00;2025-11-05 05:37:59.9506+00
f2cd91a9-9b5b-4178-916a-7a27a3697d78;f644e633-2e3d-4692-b72e-1dad6aac1c61;white;13.744642259197164;100.66288612315407;321;;2025-11-05 05:39:12.26325+00;2025-11-05 05:39:12.26325+00
33932081-fc87-435a-9ac3-767b3fc2845b;f644e633-2e3d-4692-b72e-1dad6aac1c61;blue;13.744479851950487;100.6629557665267;341;;2025-11-05 05:38:20.210816+00;2025-11-05 05:38:54.233133+00
e672b148-4796-43d7-8be9-0f3482d05af3;f644e633-2e3d-4692-b72e-1dad6aac1c61;yellow;13.74479956633489;100.66288701045278;309;;2025-11-05 05:39:32.091811+00;2025-11-05 05:39:42.53073+00
519666b4-b00f-4491-8f35-6ee368c9b939;f644e633-2e3d-4692-b72e-1dad6aac1c61;red;13.744913494803527;100.66280346717582;292;;2025-11-05 05:40:59.169928+00;2025-11-05 05:41:12.97235+00
3d7e9a11-773a-405a-a4aa-565e44cdd4e9;74d7685f-2411-4c65-8d44-9be253ea869c;black;13.74668028242617;100.66037144320211;534;;2025-11-05 05:44:09.526027+00;2025-11-05 05:44:09.526027+00
bb45dfd1-894b-4dc2-b960-01839ae157ac;78b0f94e-4ea5-4670-8f48-9808d32a9929;black;13.742503634963569;100.65629382238092;451;;2025-11-05 06:07:52.106579+00;2025-11-05 06:08:00.012026+00
be87f9e1-0c80-421c-ab88-4692f88ac867;74d7685f-2411-4c65-8d44-9be253ea869c;blue;13.746689084030109;100.6602480817188;519;;2025-11-05 05:46:10.342931+00;2025-11-05 05:46:35.926449+00
0f57a98f-f4af-4c62-88aa-8c739761db92;74d7685f-2411-4c65-8d44-9be253ea869c;white;13.746708108224666;100.66001085649066;491;;2025-11-05 05:46:56.775495+00;2025-11-05 05:47:03.569518+00
68f47105-1cb7-4f31-9d1b-30b7393b6e9b;74d7685f-2411-4c65-8d44-9be253ea869c;yellow;13.74661158283952;100.65958901783472;442;;2025-11-05 05:47:23.803115+00;2025-11-05 05:47:32.16705+00
b8182b17-8dab-42ce-aefe-479453770cbc;74d7685f-2411-4c65-8d44-9be253ea869c;red;13.746714941890076;100.65914333295876;389;;2025-11-05 05:51:03.41564+00;2025-11-05 05:51:21.055819+00
d88ed21d-c25c-4654-b8ea-c2f4a4b357d0;94d56b4f-33c9-49fe-9ae1-3b82ddc26249;black;13.747679152916831;100.65535974989939;360;;2025-11-05 05:53:35.889645+00;2025-11-05 05:53:35.889645+00
7778429c-96a4-4c72-95d3-8f64de4b4ac3;94d56b4f-33c9-49fe-9ae1-3b82ddc26249;blue;13.747438210626441;100.65538575485436;331;;2025-11-05 05:53:55.252956+00;2025-11-05 05:54:04.767227+00
48bf8dbf-4f67-4d3e-a077-1a158256e973;94d56b4f-33c9-49fe-9ae1-3b82ddc26249;white;13.747354338619104;100.65538849458426;321;;2025-11-05 05:54:17.160917+00;2025-11-05 05:54:17.160917+00
06265753-8aa6-4e61-b29c-0d0f1719e954;78b0f94e-4ea5-4670-8f48-9808d32a9929;blue;13.742838418471436;100.6563477099943;410;;2025-11-05 06:08:20.284345+00;2025-11-05 06:08:28.550959+00
83261000-d2f1-4611-89fe-05054c89bc47;94d56b4f-33c9-49fe-9ae1-3b82ddc26249;yellow;13.747182488231743;100.6553812122147;300;;2025-11-05 05:54:33.666391+00;2025-11-05 05:54:47.374384+00
9730479f-96f2-468f-9386-c7d768778cd3;94d56b4f-33c9-49fe-9ae1-3b82ddc26249;red;13.747000134459284;100.65537002689098;278;;2025-11-05 05:55:08.047775+00;2025-11-05 05:55:16.254467+00
c466ec41-90ab-4606-8b3d-a2b4d85bd90f;78b0f94e-4ea5-4670-8f48-9808d32a9929;white;13.743025332281917;100.65654785055398;382;;2025-11-05 06:08:46.982785+00;2025-11-05 06:09:01.496824+00
889b9251-00fa-4566-85fd-658c44ba009f;b4e327fe-79c5-406f-998a-e09987b8130f;black;13.744550863766975;100.65457332901042;149;;2025-11-05 05:56:30.979185+00;2025-11-05 05:56:58.207646+00
fcc90c07-6fd8-4934-a01b-de6e9997a12d;78b0f94e-4ea5-4670-8f48-9808d32a9929;yellow;13.743264397445557;100.65645562350363;357;;2025-11-05 06:09:18.409917+00;2025-11-05 06:09:18.409917+00
133f997d-ec7a-4786-b0f9-c9aa50fb8461;78b0f94e-4ea5-4670-8f48-9808d32a9929;red;13.743379114929922;100.65648565421816;342;;2025-11-05 06:09:49.298674+00;2025-11-05 06:09:49.298674+00
14854207-1a86-407b-9894-73eabeb0d8c2;b4e327fe-79c5-406f-998a-e09987b8130f;blue;13.744509121757545;100.65462166498207;143;;2025-11-05 05:57:19.759933+00;2025-11-05 05:57:50.252348+00
c836f578-6cca-47e3-91c2-35091e57427c;927ed49f-481a-4e55-9d86-2c3c0e424f45;black;13.746344071638433;100.65778696323974;186;;2025-11-05 06:11:48.324798+00;2025-11-05 06:11:55.980126+00
d227f406-e952-47af-87ad-6d163db0eb1c;b4e327fe-79c5-406f-998a-e09987b8130f;white;13.744358897871223;100.65459728373673;125;;2025-11-05 05:58:08.948765+00;2025-11-05 05:58:44.936128+00
d5c88052-a15d-4c85-aa41-f541ef7bba69;b4e327fe-79c5-406f-998a-e09987b8130f;yellow;13.74422527792774;100.65456538325651;110;;2025-11-05 05:58:51.903093+00;2025-11-05 05:59:04.193569+00
4482c571-44ea-445a-b183-8a07a1ce6f1d;b4e327fe-79c5-406f-998a-e09987b8130f;red;13.744128088692193;100.65448797086418;100;;2025-11-05 05:59:19.774942+00;2025-11-05 05:59:26.056199+00
0376906d-0790-44d8-9ea5-01f4a7aac55f;62c9fd55-420d-46f4-ba1a-b6ada118f111;black;13.742807157841582;100.65503903224356;435;;2025-11-05 06:00:25.826907+00;2025-11-05 06:00:25.826907+00
4f2819c0-7ae3-4c5f-a440-8b0986e2bde1;62c9fd55-420d-46f4-ba1a-b6ada118f111;blue;13.743054928324128;100.6551996834038;400;;2025-11-05 06:00:44.768144+00;2025-11-05 06:00:54.368185+00
2df82ee7-c1d1-497e-b141-59abaff32aa0;62c9fd55-420d-46f4-ba1a-b6ada118f111;white;13.743194760388107;100.65525790710427;382;;2025-11-05 06:01:06.702399+00;2025-11-05 06:01:33.62616+00
d7d20237-d155-4434-8d6f-c6c55c60248f;62c9fd55-420d-46f4-ba1a-b6ada118f111;yellow;13.743369966899706;100.65532002060593;360;;2025-11-05 06:01:46.610788+00;2025-11-05 06:01:53.153053+00
f26c72fb-e30d-4f13-9a96-febc0d2e6af3;62c9fd55-420d-46f4-ba1a-b6ada118f111;red;13.743489529657097;100.65532208195742;346;;2025-11-05 06:02:11.908459+00;2025-11-05 06:02:11.908459+00
d6cad27b-ce4a-40bb-b3a4-9ea65f846c72;85f7132e-d422-46bd-b0e2-0466f7dd59c5;black;13.746487284024113;100.65658125532087;481;;2025-11-05 06:03:41.38837+00;2025-11-05 06:03:59.565367+00
553bad4a-c99e-4674-b7d3-5f0541f7d726;85f7132e-d422-46bd-b0e2-0466f7dd59c5;blue;13.746319088611003;100.65658411581512;461;;2025-11-05 06:04:30.904362+00;2025-11-05 06:04:39.372058+00
4221918c-ef5c-460e-a146-6474ef874e00;85f7132e-d422-46bd-b0e2-0466f7dd59c5;white;13.746086919575333;100.65644056352585;430;;2025-11-05 06:05:01.616167+00;2025-11-05 06:05:11.069683+00
55c0acd3-ba0f-45ac-99fb-1b658373ff31;85f7132e-d422-46bd-b0e2-0466f7dd59c5;yellow;13.745938403132314;100.6565552294258;415;;2025-11-05 06:05:43.726729+00;2025-11-05 06:05:52.595968+00
8bc7d9d4-59ed-4d2f-a558-acd3b92f11a9;85f7132e-d422-46bd-b0e2-0466f7dd59c5;red;13.745757860422643;100.6565406216128;393;;2025-11-05 06:06:09.533389+00;2025-11-05 06:06:09.533389+00
2fdb258e-2063-4815-b879-077ecc88183f;927ed49f-481a-4e55-9d86-2c3c0e424f45;blue;13.746328242201102;100.65789881067724;173;;2025-11-05 06:12:16.168776+00;2025-11-05 06:12:33.301444+00
668ac7e4-772c-44ff-87a8-6465a583d648;927ed49f-481a-4e55-9d86-2c3c0e424f45;white;13.746310046186068;100.65809825465442;149;;2025-11-05 06:13:11.890212+00;2025-11-05 06:13:11.890212+00
6b487001-e55e-455d-b4d2-10ce0af1f841;927ed49f-481a-4e55-9d86-2c3c0e424f45;yellow;13.746307946713713;100.6581876037082;138;;2025-11-05 06:13:31.894219+00;2025-11-05 06:13:36.273454+00
d54f4316-dcf4-4578-9089-7cf54a9ca566;927ed49f-481a-4e55-9d86-2c3c0e424f45;red;13.746314178945624;100.65831156517959;124;;2025-11-05 06:13:49.991648+00;2025-11-05 06:13:49.991648+00
ac436464-9aaf-46dd-8ac2-98e034a95495;6dbb2442-0251-4edb-9af1-e02814b346a1;red;13.7437709173373;100.66292840197485;283;;2025-11-05 06:23:14.882367+00;2025-11-05 06:23:23.578859+00
51f58230-ccc7-44ef-84b7-15315a12a4a5;be882299-3150-4c75-8ae2-9d9f81ba98e8;black;13.746354670793878;100.65988263113309;403;;2025-11-05 06:15:57.389547+00;2025-11-05 06:16:23.335485+00
62cdd466-2129-4965-9c7e-330d5793efc0;be882299-3150-4c75-8ae2-9d9f81ba98e8;blue;13.746216821587211;100.66011780543965;370;;2025-11-05 06:16:36.17081+00;2025-11-05 06:16:47.338641+00
e9927aee-989a-422d-96e0-10c780804838;c030da37-0dba-4a62-9658-a7f62396c7a1;black;13.74184412100304;100.66148205271361;526;;2025-11-05 06:24:34.443577+00;2025-11-05 06:24:34.443577+00
a68554f8-e4c8-4766-b256-d4ce6df55bab;be882299-3150-4c75-8ae2-9d9f81ba98e8;white;13.746045727680325;100.66043586690188;328;;2025-11-05 06:17:01.879929+00;2025-11-05 06:17:15.640785+00
14da3d5f-7e82-4dd9-87d0-fc4379d0e87d;be882299-3150-4c75-8ae2-9d9f81ba98e8;yellow;13.745912598935604;100.66057128670803;305;;2025-11-05 06:17:28.330308+00;2025-11-05 06:17:34.584344+00
7ef75a43-211b-453e-978b-a0a884863f8f;be882299-3150-4c75-8ae2-9d9f81ba98e8;red;13.745821022933626;100.66078434373384;279;;2025-11-05 06:17:50.762436+00;2025-11-05 06:17:58.072126+00
fd58d182-ba5e-4ad7-bf48-9ab78d1ba020;d30d6fa2-29e1-4aa1-ad14-9d26daf92a3d;yellow;13.743132941086884;100.65690685465847;351;;2025-11-05 06:31:43.762059+00;2025-11-05 06:31:43.762059+00
389d49d8-54df-41cf-a4e6-82ecf9736c55;c030da37-0dba-4a62-9658-a7f62396c7a1;blue;13.741833774346418;100.66135354132047;512;;2025-11-05 06:24:55.355748+00;2025-11-05 06:25:10.186991+00
cd1862bb-0c9d-4153-b628-7b16f7562ae0;6dbb2442-0251-4edb-9af1-e02814b346a1;black;13.74397241537038;100.6632638745757;324;;2025-11-05 06:19:12.644586+00;2025-11-05 06:21:59.186853+00
70df814a-8ce8-4980-a7e5-832093f35242;6dbb2442-0251-4edb-9af1-e02814b346a1;blue;13.743907152128443;100.66314994371464;310;;2025-11-05 06:19:44.121259+00;2025-11-05 06:22:11.488914+00
aed943b5-b394-41dc-b4fa-c99eeca66c60;c030da37-0dba-4a62-9658-a7f62396c7a1;white;13.741832996655418;100.66128864385877;504;;2025-11-05 06:25:29.315381+00;2025-11-05 06:25:36.29609+00
743af412-0aa6-427f-92ca-8acf1d01a2a7;c030da37-0dba-4a62-9658-a7f62396c7a1;yellow;13.741773047325552;100.66114247954516;490;;2025-11-05 06:26:21.262859+00;2025-11-05 06:26:21.262859+00
34b7649c-df8e-48c7-983f-2068709d8504;6dbb2442-0251-4edb-9af1-e02814b346a1;white;13.743859681743274;100.66308816884691;302;;2025-11-05 06:20:41.131055+00;2025-11-05 06:22:49.465403+00
9b012fe1-0aea-41b6-a687-43dc8ffbe02a;6dbb2442-0251-4edb-9af1-e02814b346a1;yellow;13.743808146538157;100.66302076746285;292;;2025-11-05 06:21:34.458976+00;2025-11-05 06:23:00.072751+00
5104cfa5-e705-4aae-a385-dde0ce18de0a;c030da37-0dba-4a62-9658-a7f62396c7a1;red;13.741729811859997;100.66102198632763;477;;2025-11-05 06:26:47.022383+00;2025-11-05 06:26:54.773344+00
6ce365f4-ad29-472e-b5cd-54cd1f21a4d2;d30d6fa2-29e1-4aa1-ad14-9d26daf92a3d;red;13.743292615255612;100.65704037311855;328;;2025-11-05 06:31:56.014777+00;2025-11-05 06:32:06.622705+00
6b571a37-0746-4267-b203-476f7d952507;d30d6fa2-29e1-4aa1-ad14-9d26daf92a3d;black;13.742771343997063;100.65670961035897;400;;2025-11-05 06:29:43.015234+00;2025-11-05 06:30:37.309756+00
81a9fbf9-a467-49eb-9867-71e6448d5ece;d30d6fa2-29e1-4aa1-ad14-9d26daf92a3d;blue;13.74279511309284;100.65674515741716;396;;2025-11-05 06:31:13.756899+00;2025-11-05 06:31:13.756899+00
7092958f-bbba-4237-869b-e4e45ebd1d74;d30d6fa2-29e1-4aa1-ad14-9d26daf92a3d;white;13.742980553366749;100.65683063865191;371;;2025-11-05 06:31:24.774006+00;2025-11-05 06:31:24.774006+00
50954d56-92f0-4d6f-8dda-f5dd81566e98;2eede8fe-2049-4203-8e3b-078b9662c9f2;black;13.74597119202842;100.65833189026398;361;;2025-11-05 06:33:34.961303+00;2025-11-05 06:33:34.961303+00
772fa26e-21df-49b9-b493-910b9d314cfb;2eede8fe-2049-4203-8e3b-078b9662c9f2;blue;13.745883995004846;100.65835640301992;350;;2025-11-05 06:34:00.475273+00;2025-11-05 06:34:24.288315+00
c84dd289-0edc-4273-80f2-89b2109df7e3;2eede8fe-2049-4203-8e3b-078b9662c9f2;white;13.745744440763744;100.65837467757069;333;;2025-11-05 06:34:45.645971+00;2025-11-05 06:35:29.78753+00
397cda0b-7bc7-4216-ad1c-1058f5e659c9;2eede8fe-2049-4203-8e3b-078b9662c9f2;yellow;13.74559796809551;100.65838697060127;315;;2025-11-05 06:35:54.0042+00;2025-11-05 06:36:39.580906+00
7e2d0454-9e78-4b42-93cb-a6106bcec82b;2eede8fe-2049-4203-8e3b-078b9662c9f2;red;13.745454283531686;100.65836756740572;298;;2025-11-05 06:37:05.397729+00;2025-11-05 06:37:05.397729+00
f94fdf97-ee9c-4d89-81a1-29fa16d4cbd9;7a844300-39f8-43aa-bc7f-6a36f4cd59e2;black;13.743464126113352;100.65882898948809;236;;2025-11-05 06:41:33.473612+00;2025-11-05 06:41:39.599905+00
40854016-da70-4acf-85eb-d4542c712c33;7a844300-39f8-43aa-bc7f-6a36f4cd59e2;blue;13.743585675977272;100.65883625237024;221;;2025-11-05 06:41:55.448416+00;2025-11-05 06:42:03.811592+00
eb052427-225e-4785-b082-b6342cb39af7;7a844300-39f8-43aa-bc7f-6a36f4cd59e2;white;13.743823110017473;100.6588364184725;193;;2025-11-05 06:42:24.380397+00;2025-11-05 06:42:29.568487+00
796006ac-8f34-464c-9838-652f892ca271;7a844300-39f8-43aa-bc7f-6a36f4cd59e2;yellow;13.743921814101185;100.6588138359241;181;;2025-11-05 06:42:48.411511+00;2025-11-05 06:43:22.337282+00
d67d1054-c630-4a7b-aedd-9287a00d87e1;7a844300-39f8-43aa-bc7f-6a36f4cd59e2;red;13.744038924264558;100.6587959181008;167;;2025-11-05 06:43:32.62478+00;2025-11-05 06:43:41.967211+00
dfc400ff-1068-41b9-bba9-5d10f2ea32d9;0c8c5bac-4d9b-461c-b999-cf30ae95c8f6;black;13.745871537048885;100.65923530284368;485;;2025-11-05 06:44:57.476127+00;2025-11-05 06:45:18.932171+00
25906fe9-89a2-479e-ade0-93d52d41ca06;0c8c5bac-4d9b-461c-b999-cf30ae95c8f6;red;13.745268390378541;100.6591899649033;423;;2025-11-05 06:47:51.095915+00;2025-11-05 06:48:06.234123+00
e7bcc2cc-0b13-48e6-8f92-956a61ea3c03;0c8c5bac-4d9b-461c-b999-cf30ae95c8f6;yellow;13.745541433382854;100.65927934990577;447;;2025-11-05 06:47:17.60091+00;2025-11-05 06:48:20.612385+00
594eadf9-8abf-40e3-87d6-44786064de7c;0c8c5bac-4d9b-461c-b999-cf30ae95c8f6;white;13.74568381516265;100.65931914554551;460;;2025-11-05 06:46:15.293861+00;2025-11-05 06:48:37.038206+00
6780a658-b64a-475e-9382-340ddf8a403c;0c8c5bac-4d9b-461c-b999-cf30ae95c8f6;blue;13.745758568688828;100.65924835326513;472;;2025-11-05 06:45:44.557866+00;2025-11-05 06:48:58.118454+00
ca9fe929-9a42-43d8-8d65-c4321ba867f5;6fdec84e-fc57-4a13-825e-8cae5214dfc6;black;13.743111044346804;100.66059889860281;163;;2025-11-05 06:50:05.960755+00;2025-11-05 06:50:05.960755+00
55431872-4d77-48bf-b3d7-7d020bbcc9c9;6fdec84e-fc57-4a13-825e-8cae5214dfc6;blue;13.743019495994162;100.66075340999623;148;;2025-11-05 06:50:19.902692+00;2025-11-05 06:50:24.148151+00
ab23c993-1044-4921-a6cd-b4f46daeefd5;6fdec84e-fc57-4a13-825e-8cae5214dfc6;white;13.7429346614974;100.66088965534072;137;;2025-11-05 06:50:36.297377+00;2025-11-05 06:50:40.071501+00
4380dd72-a531-4350-8072-3483002c8834;6fdec84e-fc57-4a13-825e-8cae5214dfc6;yellow;13.742889742837335;100.6610365406176;124;;2025-11-05 06:50:54.855642+00;2025-11-05 06:51:06.863536+00
38f15937-db67-4ef7-a96e-0005cff93baf;6fdec84e-fc57-4a13-825e-8cae5214dfc6;red;13.74283991425726;100.66113275150326;118;;2025-11-05 06:51:15.803053+00;2025-11-05 06:51:15.803053+00
8d90c949-a36e-4845-a5a3-780235cd3dcf;bebf3094-6c4f-4053-b51e-69b5fefa29b1;black;13.74379217893646;100.66164272311022;348;;2025-11-05 06:52:29.435454+00;2025-11-05 06:52:38.639365+00
74c5c7fd-d85e-436d-aa52-16b074038b65;bebf3094-6c4f-4053-b51e-69b5fefa29b1;blue;13.743758192486155;100.66146944878773;337;;2025-11-05 06:53:01.154391+00;2025-11-05 06:53:24.715976+00
c94cb855-493c-4349-9774-75ae74af8eb2;bebf3094-6c4f-4053-b51e-69b5fefa29b1;white;13.743755599198735;100.66137575803282;330;;2025-11-05 06:53:16.383456+00;2025-11-05 06:53:28.484409+00
230f18d8-1902-46c1-bf05-fef40c3ad598;bebf3094-6c4f-4053-b51e-69b5fefa29b1;yellow;13.74379241604558;100.66131674728189;322;;2025-11-05 06:53:50.351257+00;2025-11-05 06:54:02.169804+00
b65d29ca-5df9-46f2-95e7-dd62151030db;bebf3094-6c4f-4053-b51e-69b5fefa29b1;red;13.743876873177214;100.66090717428648;285;;2025-11-05 06:54:18.098671+00;2025-11-05 06:54:18.098671+00
6462aa52-f83e-4321-a284-d516be1d5d1d;7b6a6ff6-1d7f-45d3-9c25-799934c2d213;black;13.746047263173224;100.65981660626;412;;2025-11-05 06:55:39.667429+00;2025-11-05 06:55:39.667429+00
ba66c66f-51dc-4d03-85a5-cc6b19c408f3;7b6a6ff6-1d7f-45d3-9c25-799934c2d213;blue;13.746004915421082;100.65989203711683;402;;2025-11-05 06:55:57.031398+00;2025-11-05 06:56:06.304592+00
6a7a3b8c-4528-479d-bf1e-e2e37a9048c3;7b6a6ff6-1d7f-45d3-9c25-799934c2d213;white;13.745837388795877;100.66023404870947;359;;2025-11-05 06:56:18.901924+00;2025-11-05 06:56:39.367477+00
7deb900c-b043-4aaf-b6c9-ae967498fd85;7b6a6ff6-1d7f-45d3-9c25-799934c2d213;yellow;13.745560254544372;100.66060329693386;304;;2025-11-05 06:56:49.235554+00;2025-11-05 06:56:53.83418+00
386c0617-2e4b-4411-9d2b-cd183222e189;7b6a6ff6-1d7f-45d3-9c25-799934c2d213;red;13.74531881901045;100.66076824599674;270;;2025-11-05 06:57:02.597012+00;2025-11-05 06:57:02.597012+00